[{"pk": "q1owkklbxvecn15yev6qd6bnx00d74kt", "model": "sessions.session", "fields": {"expire_date": "2014-08-08T21:21:33.200Z", "session_data": "MzU3MWM4NDQzY2NlYjdiYmViMDBiNWRiZDAyMDBmZWIzMDM1OTJhODp7Il9hdXRoX3VzZXJfYmFja2VuZCI6ImRqYW5nby5jb250cmliLmF1dGguYmFja2VuZHMuTW9kZWxCYWNrZW5kIiwiX2F1dGhfdXNlcl9pZCI6MX0="}}, {"pk": "rkclhw96sbcdeyrs9ogyw0lwi7elkn6a", "model": "sessions.session", "fields": {"expire_date": "2014-08-07T03:29:18.949Z", "session_data": "YTc4ZTY5N2U0NmU3ZTQ3NWVjMGJhODYxNjUyMzQ1MjU0ZGJkYzA5Mjp7Il9hdXRoX3VzZXJfYmFja2VuZCI6ImRqYW5nby5jb250cmliLmF1dGguYmFja2VuZHMuTW9kZWxCYWNrZW5kIiwiX2F1dGhfdXNlcl9pZCI6Mn0="}}, {"pk": 1, "model": "south.migrationhistory", "fields": {"applied": "2014-07-24T02:59:12.134Z", "app_name": "registration", "migration": "0001_initial"}}, {"pk": 2, "model": "south.migrationhistory", "fields": {"applied": "2014-07-24T03:08:18.139Z", "app_name": "registration", "migration": "0002_auto__del_faculty__del_staff__add_facultymember__add_staffmember__chg_"}}, {"pk": 3, "model": "south.migrationhistory", "fields": {"applied": "2014-07-24T03:14:37.320Z", "app_name": "registration", "migration": "0003_auto__add_field_course_department"}}, {"pk": 4, "model": "south.migrationhistory", "fields": {"applied": "2014-07-24T14:58:49.272Z", "app_name": "registration", "migration": "0004_auto__chg_field_department_location__add_index_department_location"}}, {"pk": 5, "model": "south.migrationhistory", "fields": {"applied": "2014-07-24T15:14:05.237Z", "app_name": "registration", "migration": "0005_auto"}}, {"pk": 6, "model": "south.migrationhistory", "fields": {"applied": "2014-07-24T15:15:32.327Z", "app_name": "registration", "migration": "0006_auto"}}, {"pk": 7, "model": "south.migrationhistory", "fields": {"applied": "2014-07-24T15:17:23.757Z", "app_name": "registration", "migration": "0007_auto"}}, {"pk": 8, "model": "south.migrationhistory", "fields": {"applied": "2014-07-24T15:18:05.996Z", "app_name": "registration", "migration": "0008_auto"}}, {"pk": 9, "model": "south.migrationhistory", "fields": {"applied": "2014-07-24T15:24:37.381Z", "app_name": "registration", "migration": "0009_auto__del_field_course_code__add_field_course_number"}}, {"pk": 10, "model": "south.migrationhistory", "fields": {"applied": "2014-07-24T18:01:56.086Z", "app_name": "registration", "migration": "0010_auto__chg_field_student_major__add_index_student_major"}}, {"pk": 1, "model": "registration.staffmember", "fields": {"salary": 90000, "city": "Newark", "first_name": "Kanye", "last_name": "West", "street": "47 Oak St.", "state": "NJ", "ssn": "444939384"}}, {"pk": 2, "model": "registration.staffmember", "fields": {"salary": 87000, "city": "Newark", "first_name": "Paul", "last_name": "McCartney", "street": "67 First St.", "state": "NJ", "ssn": "948398439"}}, {"pk": 3, "model": "registration.staffmember", "fields": {"salary": 91000, "city": "Newark", "first_name": "Justin", "last_name": "Timberlake", "street": "12 Second St.", "state": "NJ", "ssn": "192838475"}}, {"pk": 4, "model": "registration.staffmember", "fields": {"salary": 100000, "city": "Elizabeth", "first_name": "Bruce", "last_name": "Springsteen", "street": "87 Third St.", "state": "NJ", "ssn": "834792375"}}, {"pk": 5, "model": "registration.staffmember", "fields": {"salary": 100000, "city": "New York", "first_name": "Jennifer", "last_name": "Lopez", "street": "67 Washington St.", "state": "New York", "ssn": "892489587"}}, {"pk": 6, "model": "registration.staffmember", "fields": {"salary": 20000, "city": "Newark", "first_name": "Miley", "last_name": "Cyrus", "street": "12 First St.", "state": "NJ", "ssn": "884758403"}}, {"pk": 7, "model": "registration.staffmember", "fields": {"salary": 90000, "city": "Newark", "first_name": "Howard", "last_name": "Stern", "street": "62 Lee Ave", "state": "NJ", "ssn": "992828889"}}, {"pk": 8, "model": "registration.staffmember", "fields": {"salary": 100000, "city": "Newark", "first_name": "Hugh", "last_name": "Jackman", "street": "98 Front St.", "state": "NJ", "ssn": "222229393"}}, {"pk": 9, "model": "registration.staffmember", "fields": {"salary": 45000, "city": "Newark", "first_name": "Ashton", "last_name": "Kutcher", "street": "89 Front St.", "state": "NJ", "ssn": "334435399"}}, {"pk": 10, "model": "registration.staffmember", "fields": {"salary": 70000, "city": "Newark", "first_name": "Vin", "last_name": "Diesel", "street": "34 Circle Ct.", "state": "NJ", "ssn": "393483939"}}, {"pk": 11, "model": "registration.staffmember", "fields": {"salary": 19000, "city": "Newark", "first_name": "Ben", "last_name": "Affleck", "street": "1 Square Ct.", "state": "NJ", "ssn": "220202020"}}, {"pk": 1, "model": "registration.facultymember", "fields": {"course_load": 1, "rank": "Jr.", "staff": 1}}, {"pk": 2, "model": "registration.facultymember", "fields": {"course_load": 4, "rank": "Sr.", "staff": 2}}, {"pk": 3, "model": "registration.facultymember", "fields": {"course_load": 1, "rank": "Sr.", "staff": 10}}, {"pk": 4, "model": "registration.facultymember", "fields": {"course_load": 1, "rank": "Jr.", "staff": 9}}, {"pk": 5, "model": "registration.facultymember", "fields": {"course_load": 1, "rank": "Sr.", "staff": 8}}, {"pk": 6, "model": "registration.facultymember", "fields": {"course_load": 1, "rank": "Jr.", "staff": 7}}, {"pk": 7, "model": "registration.facultymember", "fields": {"course_load": 1, "rank": "Jr.", "staff": 6}}, {"pk": 1, "model": "registration.location", "fields": {"building": "100", "equipment": "AV equipped", "capacity": 20, "room": "1A"}}, {"pk": 2, "model": "registration.location", "fields": {"building": "100", "equipment": "AV Equipped", "capacity": 20, "room": "1B"}}, {"pk": 3, "model": "registration.location", "fields": {"building": "101", "equipment": "Computers", "capacity": 10, "room": "1"}}, {"pk": 4, "model": "registration.location", "fields": {"building": "101", "equipment": "Television", "capacity": 5, "room": "2"}}, {"pk": 5, "model": "registration.location", "fields": {"building": "101", "equipment": "Television", "capacity": 10, "room": "2"}}, {"pk": 6, "model": "registration.location", "fields": {"building": "101", "equipment": "Television", "capacity": 5, "room": "4"}}, {"pk": 7, "model": "registration.location", "fields": {"building": "100", "equipment": "Computera", "capacity": 10, "room": "2"}}, {"pk": 8, "model": "registration.location", "fields": {"building": "100", "equipment": "Computers", "capacity": 10, "room": "3"}}, {"pk": 9, "model": "registration.location", "fields": {"building": "102", "equipment": "Computers", "capacity": 100, "room": "1"}}, {"pk": 10, "model": "registration.location", "fields": {"building": "103", "equipment": "Computers", "capacity": 40, "room": "1"}}, {"pk": 11, "model": "registration.location", "fields": {"building": "104", "equipment": "Computers", "capacity": 100, "room": "1"}}, {"pk": 12, "model": "registration.location", "fields": {"building": "104", "equipment": "Computers", "capacity": 50, "room": "2"}}, {"pk": 13, "model": "registration.location", "fields": {"building": "104", "equipment": "Computers", "capacity": 100, "room": "3"}}, {"pk": 14, "model": "registration.location", "fields": {"building": "104", "equipment": "Computers", "capacity": 75, "room": "4"}}, {"pk": 15, "model": "registration.location", "fields": {"building": "104", "equipment": "Computers", "capacity": 100, "room": "5"}}, {"pk": 16, "model": "registration.location", "fields": {"building": "104", "equipment": "Computers", "capacity": 60, "room": "5"}}, {"pk": 17, "model": "registration.location", "fields": {"building": "106", "equipment": "Computers", "capacity": 50, "room": "1"}}, {"pk": 18, "model": "registration.location", "fields": {"building": "106", "equipment": "Computers", "capacity": 50, "room": "2"}}, {"pk": 19, "model": "registration.location", "fields": {"building": "106", "equipment": "Computers", "capacity": 100, "room": "3"}}, {"pk": 20, "model": "registration.location", "fields": {"building": "107", "equipment": "Computers", "capacity": 40, "room": "1"}}, {"pk": 21, "model": "registration.location", "fields": {"building": "108", "equipment": "Computers", "capacity": 40, "room": "1"}}, {"pk": 22, "model": "registration.location", "fields": {"building": "108", "equipment": "Computers", "capacity": 40, "room": "2"}}, {"pk": 23, "model": "registration.location", "fields": {"building": "108", "equipment": "Computers", "capacity": 30, "room": "3"}}, {"pk": 24, "model": "registration.location", "fields": {"building": "108", "equipment": "Computers", "capacity": 60, "room": "4"}}, {"pk": 1, "model": "registration.department", "fields": {"chairperson": 1, "name": "Computer Science", "budget": 1000000, "code": "CS", "location": 1, "faculty": [1, 2, 3]}}, {"pk": 2, "model": "registration.department", "fields": {"chairperson": 2, "name": "Electrical Engineering", "budget": 10000, "code": "EE", "location": 2, "faculty": [1, 2]}}, {"pk": 3, "model": "registration.department", "fields": {"chairperson": 7, "name": "Music", "budget": 50000, "code": "MU", "location": 4, "faculty": [6, 7]}}, {"pk": 4, "model": "registration.department", "fields": {"chairperson": 6, "name": "Fine Arts", "budget": 80000, "code": "FA", "location": 5, "faculty": [5, 6]}}, {"pk": 5, "model": "registration.department", "fields": {"chairperson": 4, "name": "Mechanical Engineering", "budget": 80000, "code": "ME", "location": 6, "faculty": [2, 4]}}, {"pk": 6, "model": "registration.department", "fields": {"chairperson": 5, "name": "Math", "budget": 200000, "code": "MA", "location": 7, "faculty": [5, 6]}}, {"pk": 7, "model": "registration.department", "fields": {"chairperson": 1, "name": "Chemistry", "budget": 98000, "code": "CHEM", "location": 8, "faculty": [4]}}, {"pk": 1, "model": "registration.student", "fields": {"first_name": "Beyonce", "last_name": "Knowles", "major": 1, "ssn": "123456789", "year": "2014", "high_school": "Newark High School"}}, {"pk": 2, "model": "registration.student", "fields": {"first_name": "LeBron", "last_name": "James", "major": 2, "ssn": "234567890", "year": "2014", "high_school": "Newark High School"}}, {"pk": 3, "model": "registration.student", "fields": {"first_name": "Oprah", "last_name": "Winfrey", "major": 5, "ssn": "345678900", "year": "2013", "high_school": "Elizabeth High School"}}, {"pk": 4, "model": "registration.student", "fields": {"first_name": "Floyd", "last_name": "Mayweather", "major": 2, "ssn": "456789000", "year": "2016", "high_school": "Newark High School"}}, {"pk": 5, "model": "registration.student", "fields": {"first_name": "Katy", "last_name": "Perry", "major": 3, "ssn": "567890123", "year": "2015", "high_school": "Marlboro High School"}}, {"pk": 6, "model": "registration.student", "fields": {"first_name": "Robert", "last_name": "Downey", "major": 5, "ssn": "567294750", "year": "2017", "high_school": "Freehold Regional High School"}}, {"pk": 7, "model": "registration.student", "fields": {"first_name": "Ellen", "last_name": "DeGeneres", "major": 1, "ssn": "673920385", "year": "2014", "high_school": "Newark High School"}}, {"pk": 8, "model": "registration.student", "fields": {"first_name": "Steven", "last_name": "Spielberg", "major": 3, "ssn": "892745040", "year": "2015", "high_school": "Newark High School"}}, {"pk": 9, "model": "registration.student", "fields": {"first_name": "Jennifer", "last_name": "Lawrence", "major": 5, "ssn": "839475749", "year": "2015", "high_school": "Elizabeth High School"}}, {"pk": 10, "model": "registration.student", "fields": {"first_name": "Bon", "last_name": "Jovi", "major": 4, "ssn": "489373458", "year": "2014", "high_school": "Newark High School"}}, {"pk": 11, "model": "registration.student", "fields": {"first_name": "Bruno", "last_name": "Mars", "major": 2, "ssn": "357532099", "year": "2015", "high_school": "Howell High School"}}, {"pk": 12, "model": "registration.student", "fields": {"first_name": "Kobe", "last_name": "Bryant", "major": 2, "ssn": "999383485", "year": "2014", "high_school": "Newark High School"}}, {"pk": 13, "model": "registration.student", "fields": {"first_name": "Miley", "last_name": "Cyrus", "major": 1, "ssn": "884758403", "year": "2016", "high_school": "Newark High School"}}, {"pk": 14, "model": "registration.student", "fields": {"first_name": "Sandra", "last_name": "Bullock", "major": 1, "ssn": "775949458", "year": "2015", "high_school": "Newark High School"}}, {"pk": 15, "model": "registration.student", "fields": {"first_name": "Justin", "last_name": "Bieber", "major": 2, "ssn": "883938585", "year": "2017", "high_school": "Elizabeth High School"}}, {"pk": 16, "model": "registration.student", "fields": {"first_name": "Ryan", "last_name": "Seacrest", "major": 2, "ssn": "892223394", "year": "2015", "high_school": "Somerset High School"}}, {"pk": 17, "model": "registration.student", "fields": {"first_name": "Peyton", "last_name": "Manning", "major": 4, "ssn": "910191221", "year": "2016", "high_school": "Somerset High School"}}, {"pk": 18, "model": "registration.student", "fields": {"first_name": "Glenn", "last_name": "Beck", "major": 5, "ssn": "883737373", "year": "2015", "high_school": "Newark High School"}}, {"pk": 19, "model": "registration.student", "fields": {"first_name": "Sean", "last_name": "Combs", "major": 2, "ssn": "383744455", "year": "2015", "high_school": "High Tech High School"}}, {"pk": 20, "model": "registration.student", "fields": {"first_name": "Tiger", "last_name": "Woods", "major": 4, "ssn": "222334455", "year": "2015", "high_school": "Newark High School"}}, {"pk": 21, "model": "registration.student", "fields": {"first_name": "Jimmy", "last_name": "Fallon", "major": 2, "ssn": "333544333", "year": "2016", "high_school": "Elizabeth High School"}}, {"pk": 22, "model": "registration.student", "fields": {"first_name": "Bradley", "last_name": "Cooper", "major": 1, "ssn": "393939484", "year": "2017", "high_school": "Newark High School"}}, {"pk": 23, "model": "registration.student", "fields": {"first_name": "Toby", "last_name": "Keith", "major": 1, "ssn": "28299484", "year": "2015", "high_school": "Newark High School"}}, {"pk": 24, "model": "registration.student", "fields": {"first_name": "Leonardo", "last_name": "DiCaprio", "major": 1, "ssn": "332039209", "year": "2014", "high_school": "Park High School"}}, {"pk": 25, "model": "registration.student", "fields": {"first_name": "Matthew", "last_name": "McConaughey", "major": 2, "ssn": "332223322", "year": "2016", "high_school": "Newark High School"}}, {"pk": 26, "model": "registration.student", "fields": {"first_name": "Sofia", "last_name": "Vergara", "major": 3, "ssn": "111111111", "year": "2014", "high_school": "Newark High School"}}, {"pk": 27, "model": "registration.student", "fields": {"first_name": "Dwayne", "last_name": "Wade", "major": 1, "ssn": "222222222", "year": "2015", "high_school": "Newark High School"}}, {"pk": 28, "model": "registration.student", "fields": {"first_name": "Gisele", "last_name": "Bundchen", "major": 3, "ssn": "393028940", "year": "2015", "high_school": "Newark High School"}}, {"pk": 29, "model": "registration.student", "fields": {"first_name": "Jon", "last_name": "Stewart", "major": 4, "ssn": "453059304", "year": "2015", "high_school": "Newark High School"}}, {"pk": 30, "model": "registration.student", "fields": {"first_name": "Rush", "last_name": "Limbaugh", "major": 5, "ssn": "313409430", "year": "2016", "high_school": "Newark High School"}}, {"pk": 31, "model": "registration.student", "fields": {"first_name": "Mark", "last_name": "Wahlberg", "major": 3, "ssn": "430800001", "year": "2015", "high_school": "Newark High School"}}, {"pk": 32, "model": "registration.student", "fields": {"first_name": "Ben", "last_name": "Affleck", "major": 2, "ssn": "220202020", "year": "2014", "high_school": "Newark High School"}}, {"pk": 1, "model": "registration.teachingassistantstatus", "fields": {"status": "Full Time"}}, {"pk": 2, "model": "registration.teachingassistantstatus", "fields": {"status": "Part Time"}}, {"pk": 1, "model": "registration.teachingassistant", "fields": {"hours": 12, "status": 2, "student": 13, "staff": 6}}, {"pk": 2, "model": "registration.teachingassistant", "fields": {"hours": 3, "status": 2, "student": 32, "staff": 11}}, {"pk": 1, "model": "registration.course", "fields": {"department": 1, "credit": 6, "ta_requirement": 3, "number": "631", "name": "Database Nirvana"}}, {"pk": 2, "model": "registration.course", "fields": {"department": 2, "credit": 3, "ta_requirement": 0, "number": "110", "name": "Analog Circuits"}}, {"pk": 3, "model": "registration.course", "fields": {"department": 3, "credit": 3, "ta_requirement": 1, "number": "101", "name": "Music Appreciation"}}, {"pk": 4, "model": "registration.course", "fields": {"department": 4, "credit": 3, "ta_requirement": 1, "number": "200", "name": "Painting"}}, {"pk": 5, "model": "registration.course", "fields": {"department": 5, "credit": 3, "ta_requirement": 1, "number": "400", "name": "Electronics"}}, {"pk": 6, "model": "registration.course", "fields": {"department": 1, "credit": 3, "ta_requirement": 0, "number": "656", "name": "Networking"}}, {"pk": 7, "model": "registration.course", "fields": {"department": 1, "credit": 3, "ta_requirement": 0, "number": "608", "name": "Cryptography and Security"}}, {"pk": 8, "model": "registration.course", "fields": {"department": 1, "credit": 3, "ta_requirement": 0, "number": "633", "name": "Distributed Systems"}}, {"pk": 9, "model": "registration.course", "fields": {"department": 1, "credit": 3, "ta_requirement": 0, "number": "659", "name": "Image Processing and Analysis"}}, {"pk": 10, "model": "registration.course", "fields": {"department": 5, "credit": 3, "ta_requirement": 0, "number": "616", "name": "Matrix Methods in Mechanical Engineering"}}, {"pk": 11, "model": "registration.course", "fields": {"department": 5, "credit": 3, "ta_requirement": 0, "number": "610", "name": "Applied Heat Transfer"}}, {"pk": 12, "model": "registration.course", "fields": {"department": 5, "credit": 3, "ta_requirement": 0, "number": "611", "name": "Dynamics of Incompressible Fluids"}}, {"pk": 13, "model": "registration.course", "fields": {"department": 5, "credit": 3, "ta_requirement": 0, "number": "614", "name": "Continuum Mechanics"}}, {"pk": 14, "model": "registration.course", "fields": {"department": 5, "credit": 3, "ta_requirement": 0, "number": "620", "name": "Stress Methods in Mechanical Design"}}, {"pk": 15, "model": "registration.course", "fields": {"department": 5, "credit": 3, "ta_requirement": 0, "number": "632", "name": "Mechanical Engineering Measurements"}}, {"pk": 16, "model": "registration.course", "fields": {"department": 5, "credit": 3, "ta_requirement": 0, "number": "635", "name": "Computer-Aided Design"}}, {"pk": 17, "model": "registration.course", "fields": {"department": 2, "credit": 3, "ta_requirement": 0, "number": "601", "name": "Linear Systems"}}, {"pk": 18, "model": "registration.course", "fields": {"department": 2, "credit": 0, "ta_requirement": 0, "number": "673", "name": "Random Signal Analysis I"}}, {"pk": 19, "model": "registration.course", "fields": {"department": 2, "credit": 3, "ta_requirement": 0, "number": "620", "name": "Electromagnetic Field Theory"}}, {"pk": 20, "model": "registration.course", "fields": {"department": 2, "credit": 3, "ta_requirement": 0, "number": "640", "name": "Digital Signal Processing"}}, {"pk": 21, "model": "registration.course", "fields": {"department": 2, "credit": 3, "ta_requirement": 0, "number": "642", "name": "Communication Systems I"}}, {"pk": 22, "model": "registration.course", "fields": {"department": 2, "credit": 3, "ta_requirement": 0, "number": "742", "name": "Communication Systems II"}}, {"pk": 23, "model": "registration.course", "fields": {"department": 2, "credit": 3, "ta_requirement": 0, "number": "740", "name": "Advanced Digital Signal Processing"}}, {"pk": 24, "model": "registration.course", "fields": {"department": 2, "credit": 3, "ta_requirement": 0, "number": "630", "name": "Microwave Engineering"}}, {"pk": 25, "model": "registration.course", "fields": {"department": 2, "credit": 3, "ta_requirement": 0, "number": "632", "name": "Antenna Theory"}}, {"pk": 26, "model": "registration.course", "fields": {"department": 3, "credit": 3, "ta_requirement": 0, "number": "349", "name": "Advanced Music Technology"}}, {"pk": 27, "model": "registration.course", "fields": {"department": 4, "credit": 3, "ta_requirement": 0, "number": "111", "name": "Communication in Art+Design: Traditional Media"}}, {"pk": 28, "model": "registration.course", "fields": {"department": 4, "credit": 3, "ta_requirement": 0, "number": "112", "name": "Communication in Art+Design: Digital Media"}}, {"pk": 29, "model": "registration.course", "fields": {"department": 4, "credit": 3, "ta_requirement": 0, "number": "334", "name": "Color Theory/Electronic Color"}}, {"pk": 30, "model": "registration.course", "fields": {"department": 4, "credit": 3, "ta_requirement": 0, "number": "161", "name": "History of Art & Design I"}}, {"pk": 31, "model": "registration.course", "fields": {"department": 4, "credit": 3, "ta_requirement": 0, "number": "162", "name": "History of Art & Design II"}}, {"pk": 32, "model": "registration.course", "fields": {"department": 4, "credit": 3, "ta_requirement": 0, "number": "150", "name": "Color and Composition"}}, {"pk": 33, "model": "registration.course", "fields": {"department": 6, "credit": 3, "ta_requirement": 0, "number": "662", "name": "Probability Distributions"}}, {"pk": 34, "model": "registration.course", "fields": {"department": 6, "credit": 3, "ta_requirement": 0, "number": "637", "name": "Foundations of Mathematical Biology"}}, {"pk": 35, "model": "registration.course", "fields": {"department": 6, "credit": 3, "ta_requirement": 0, "number": "636", "name": "Systems Computational Neuroscience"}}, {"pk": 36, "model": "registration.course", "fields": {"department": 3, "credit": 3, "ta_requirement": 0, "number": "635", "name": "Analytical Computational Neuroscience"}}, {"pk": 37, "model": "registration.course", "fields": {"department": 7, "credit": 3, "ta_requirement": 0, "number": "658", "name": "Advanced Physical Chemistry"}}, {"pk": 38, "model": "registration.course", "fields": {"department": 7, "credit": 3, "ta_requirement": 0, "number": "673", "name": "Biochemistry"}}, {"pk": 39, "model": "registration.course", "fields": {"department": 7, "credit": 3, "ta_requirement": 0, "number": "677", "name": "Introduction to Medicinal Chemistry"}}, {"pk": 40, "model": "registration.course", "fields": {"department": 6, "credit": 3, "ta_requirement": 0, "number": "663", "name": "Introduction to Biostatistics"}}, {"pk": 1, "model": "registration.timeslot", "fields": {"day": "Monday", "time": "8:00am - 10:00am"}}, {"pk": 2, "model": "registration.timeslot", "fields": {"day": "Wednesday", "time": "8:00am - 10:00am"}}, {"pk": 3, "model": "registration.timeslot", "fields": {"day": "Wednesday", "time": "11:00am - 12:00pm"}}, {"pk": 4, "model": "registration.timeslot", "fields": {"day": "Friday", "time": "11:00am - 12:00pm"}}, {"pk": 5, "model": "registration.timeslot", "fields": {"day": "Tuesday", "time": "11:00am - 12:00pm"}}, {"pk": 6, "model": "registration.timeslot", "fields": {"day": "Friday", "time": "2:00pm - 4:00pm"}}, {"pk": 1, "model": "registration.section", "fields": {"faculty": 1, "number": "1", "course": 1, "location": 2, "student": [1, 3, 4], "max_enrollment": 20, "time_slot": [2, 4], "teaching_assistant": 1}}, {"pk": 2, "model": "registration.section", "fields": {"faculty": 2, "number": "2", "course": 1, "location": 1, "student": [3, 13, 14, 15, 16, 18], "max_enrollment": 20, "time_slot": [6], "teaching_assistant": 2}}, {"pk": 3, "model": "registration.section", "fields": {"faculty": 5, "number": "1", "course": 2, "location": 2, "student": [4, 7, 9, 10, 11, 12, 15], "max_enrollment": 10, "time_slot": [2], "teaching_assistant": 2}}, {"pk": 4, "model": "registration.section", "fields": {"faculty": 3, "number": "1", "course": 3, "location": 2, "student": [2, 3, 4, 6, 15, 25, 26], "max_enrollment": 10, "time_slot": [6], "teaching_assistant": 1}}, {"pk": 5, "model": "registration.section", "fields": {"faculty": 2, "number": "1", "course": 4, "location": 2, "student": [3, 4, 5, 6, 7, 19], "max_enrollment": 20, "time_slot": [2], "teaching_assistant": 1}}, {"pk": 7, "model": "registration.section", "fields": {"faculty": 1, "number": "3", "course": 1, "location": 9, "student": [10, 12], "max_enrollment": 20, "time_slot": [1], "teaching_assistant": 1}}, {"pk": 8, "model": "registration.section", "fields": {"faculty": 2, "number": "1", "course": 2, "location": 9, "student": [4, 7], "max_enrollment": 30, "time_slot": [2], "teaching_assistant": 1}}, {"pk": 9, "model": "registration.section", "fields": {"faculty": 4, "number": "2", "course": 2, "location": 9, "student": [2, 3, 12], "max_enrollment": 25, "time_slot": [3, 4], "teaching_assistant": 2}}, {"pk": 10, "model": "registration.section", "fields": {"faculty": 4, "number": "2", "course": 3, "location": 9, "student": [4, 5], "max_enrollment": 50, "time_slot": [6], "teaching_assistant": 2}}, {"pk": 11, "model": "registration.section", "fields": {"faculty": 7, "number": "1", "course": 4, "location": 10, "student": [3], "max_enrollment": 20, "time_slot": [1], "teaching_assistant": 2}}, {"pk": 12, "model": "registration.section", "fields": {"faculty": 3, "number": "2", "course": 4, "location": 10, "student": [3, 7], "max_enrollment": 20, "time_slot": [2], "teaching_assistant": 1}}, {"pk": 13, "model": "registration.section", "fields": {"faculty": 5, "number": "1", "course": 5, "location": 10, "student": [2, 6, 7], "max_enrollment": 20, "time_slot": [3], "teaching_assistant": 2}}, {"pk": 14, "model": "registration.section", "fields": {"faculty": 6, "number": "2", "course": 5, "location": 10, "student": [3, 5], "max_enrollment": 20, "time_slot": [4], "teaching_assistant": 1}}, {"pk": 15, "model": "registration.section", "fields": {"faculty": 6, "number": "1", "course": 6, "location": 11, "student": [3, 5, 6], "max_enrollment": 50, "time_slot": [5, 6], "teaching_assistant": 1}}, {"pk": 16, "model": "registration.section", "fields": {"faculty": 4, "number": "2", "course": 6, "location": 11, "student": [8, 12], "max_enrollment": 20, "time_slot": [1, 2], "teaching_assistant": 1}}, {"pk": 17, "model": "registration.section", "fields": {"faculty": 4, "number": "1", "course": 7, "location": 12, "student": [2, 6, 9, 10], "max_enrollment": 20, "time_slot": [1], "teaching_assistant": 2}}, {"pk": 18, "model": "registration.section", "fields": {"faculty": 6, "number": "2", "course": 7, "location": 12, "student": [7, 12, 15, 17], "max_enrollment": 20, "time_slot": [6], "teaching_assistant": 2}}, {"pk": 19, "model": "registration.section", "fields": {"faculty": 5, "number": "1", "course": 8, "location": 13, "student": [10, 11, 12, 14], "max_enrollment": 35, "time_slot": [1, 2], "teaching_assistant": 2}}, {"pk": 20, "model": "registration.section", "fields": {"faculty": 6, "number": "2", "course": 8, "location": 13, "student": [15, 17, 18, 21, 22], "max_enrollment": 30, "time_slot": [3, 4], "teaching_assistant": 1}}, {"pk": 21, "model": "registration.section", "fields": {"faculty": 7, "number": "1", "course": 9, "location": 13, "student": [2, 8, 9, 14], "max_enrollment": 40, "time_slot": [5, 6], "teaching_assistant": 1}}, {"pk": 22, "model": "registration.section", "fields": {"faculty": 6, "number": "2", "course": 9, "location": 14, "student": [30, 31], "max_enrollment": 45, "time_slot": [5, 6], "teaching_assistant": 2}}, {"pk": 23, "model": "registration.section", "fields": {"faculty": 6, "number": "1", "course": 10, "location": 14, "student": [14, 17], "max_enrollment": 30, "time_slot": [3, 4], "teaching_assistant": 2}}, {"pk": 24, "model": "registration.section", "fields": {"faculty": 3, "number": "2", "course": 10, "location": 15, "student": [2, 8], "max_enrollment": 40, "time_slot": [5, 6], "teaching_assistant": 2}}, {"pk": 25, "model": "registration.section", "fields": {"faculty": 2, "number": "1", "course": 11, "location": 15, "student": [12, 14, 15, 20, 21], "max_enrollment": 30, "time_slot": [2, 3], "teaching_assistant": 2}}, {"pk": 26, "model": "registration.section", "fields": {"faculty": 3, "number": "2", "course": 11, "location": 16, "student": [5, 8, 9], "max_enrollment": 10, "time_slot": [5, 6], "teaching_assistant": 2}}, {"pk": 27, "model": "registration.section", "fields": {"faculty": 5, "number": "1", "course": 12, "location": 16, "student": [17, 18], "max_enrollment": 20, "time_slot": [3, 4], "teaching_assistant": 1}}, {"pk": 28, "model": "registration.section", "fields": {"faculty": 3, "number": "1", "course": 13, "location": 17, "student": [2, 4], "max_enrollment": 30, "time_slot": [1, 2], "teaching_assistant": 2}}, {"pk": 29, "model": "registration.section", "fields": {"faculty": 3, "number": "1", "course": 14, "location": 17, "student": [6, 10], "max_enrollment": 30, "time_slot": [4, 6], "teaching_assistant": 1}}, {"pk": 30, "model": "registration.section", "fields": {"faculty": 6, "number": "1", "course": 15, "location": 18, "student": [6, 7, 8], "max_enrollment": 50, "time_slot": [6], "teaching_assistant": 2}}, {"pk": 31, "model": "registration.section", "fields": {"faculty": 6, "number": "1", "course": 16, "location": 18, "student": [11, 13, 14, 21, 22], "max_enrollment": 45, "time_slot": [3, 4], "teaching_assistant": 2}}, {"pk": 32, "model": "registration.section", "fields": {"faculty": 6, "number": "1", "course": 17, "location": 19, "student": [7, 9, 10], "max_enrollment": 45, "time_slot": [1], "teaching_assistant": 1}}, {"pk": 33, "model": "registration.section", "fields": {"faculty": 4, "number": "1", "course": 18, "location": 19, "student": [20, 21, 22], "max_enrollment": 50, "time_slot": [3], "teaching_assistant": 1}}, {"pk": 34, "model": "registration.section", "fields": {"faculty": 6, "number": "1", "course": 18, "location": 19, "student": [15], "max_enrollment": 3, "time_slot": [6], "teaching_assistant": 2}}, {"pk": 35, "model": "registration.section", "fields": {"faculty": 5, "number": "1", "course": 19, "location": 19, "student": [1], "max_enrollment": 40, "time_slot": [6], "teaching_assistant": 2}}, {"pk": 36, "model": "registration.section", "fields": {"faculty": 7, "number": "1", "course": 20, "location": 19, "student": [12], "max_enrollment": 30, "time_slot": [3], "teaching_assistant": 1}}, {"pk": 37, "model": "registration.section", "fields": {"faculty": 6, "number": "2", "course": 21, "location": 20, "student": [4], "max_enrollment": 30, "time_slot": [6], "teaching_assistant": 2}}, {"pk": 38, "model": "registration.section", "fields": {"faculty": 6, "number": "1", "course": 22, "location": 20, "student": [20], "max_enrollment": 25, "time_slot": [2], "teaching_assistant": 2}}, {"pk": 39, "model": "registration.section", "fields": {"faculty": 7, "number": "1", "course": 23, "location": 20, "student": [27], "max_enrollment": 20, "time_slot": [4], "teaching_assistant": 2}}, {"pk": 40, "model": "registration.section", "fields": {"faculty": 2, "number": "1", "course": 24, "location": 20, "student": [16], "max_enrollment": 20, "time_slot": [5], "teaching_assistant": 1}}, {"pk": 41, "model": "registration.section", "fields": {"faculty": 5, "number": "1", "course": 25, "location": 21, "student": [9, 10], "max_enrollment": 23, "time_slot": [6], "teaching_assistant": 2}}, {"pk": 42, "model": "registration.section", "fields": {"faculty": 2, "number": "1", "course": 26, "location": 21, "student": [12, 19, 20], "max_enrollment": 20, "time_slot": [2], "teaching_assistant": 1}}, {"pk": 43, "model": "registration.section", "fields": {"faculty": 6, "number": "1", "course": 27, "location": 21, "student": [21, 22, 24], "max_enrollment": 10, "time_slot": [6], "teaching_assistant": 2}}, {"pk": 44, "model": "registration.section", "fields": {"faculty": 1, "number": "1", "course": 28, "location": 21, "student": [16, 18, 23], "max_enrollment": 10, "time_slot": [5, 6], "teaching_assistant": 2}}, {"pk": 45, "model": "registration.section", "fields": {"faculty": 6, "number": "1", "course": 29, "location": 22, "student": [23, 24, 25], "max_enrollment": 40, "time_slot": [4, 5], "teaching_assistant": 1}}, {"pk": 46, "model": "registration.section", "fields": {"faculty": 6, "number": "1", "course": 30, "location": 22, "student": [26, 27, 29], "max_enrollment": 3, "time_slot": [6], "teaching_assistant": 1}}, {"pk": 47, "model": "registration.section", "fields": {"faculty": 2, "number": "2", "course": 31, "location": 22, "student": [30, 31, 32], "max_enrollment": 10, "time_slot": [4], "teaching_assistant": 1}}, {"pk": 48, "model": "registration.section", "fields": {"faculty": 7, "number": "1", "course": 32, "location": 23, "student": [28, 30, 31], "max_enrollment": 20, "time_slot": [1], "teaching_assistant": 2}}, {"pk": 49, "model": "registration.section", "fields": {"faculty": 2, "number": "1", "course": 33, "location": 23, "student": [16, 17, 18, 20], "max_enrollment": 25, "time_slot": [4], "teaching_assistant": 2}}, {"pk": 50, "model": "registration.section", "fields": {"faculty": 6, "number": "1", "course": 34, "location": 23, "student": [24, 25, 26], "max_enrollment": 15, "time_slot": [6], "teaching_assistant": 2}}, {"pk": 51, "model": "registration.section", "fields": {"faculty": 6, "number": "1", "course": 35, "location": 23, "student": [16, 26], "max_enrollment": 20, "time_slot": [5], "teaching_assistant": 1}}, {"pk": 52, "model": "registration.section", "fields": {"faculty": 6, "number": "1", "course": 36, "location": 23, "student": [26, 27, 28], "max_enrollment": 20, "time_slot": [4], "teaching_assistant": 1}}, {"pk": 53, "model": "registration.section", "fields": {"faculty": 2, "number": "1", "course": 37, "location": 23, "student": [2, 15], "max_enrollment": 10, "time_slot": [5], "teaching_assistant": 2}}, {"pk": 54, "model": "registration.section", "fields": {"faculty": 5, "number": "1", "course": 38, "location": 24, "student": [27, 32], "max_enrollment": 15, "time_slot": [1], "teaching_assistant": 2}}, {"pk": 55, "model": "registration.section", "fields": {"faculty": 7, "number": "1", "course": 39, "location": 24, "student": [32], "max_enrollment": 20, "time_slot": [2], "teaching_assistant": 2}}, {"pk": 56, "model": "registration.section", "fields": {"faculty": 6, "number": "1", "course": 40, "location": 24, "student": [17, 20, 22, 23], "max_enrollment": 10, "time_slot": [6], "teaching_assistant": 1}}]