[{"pk": 1, "model": "auth.group", "fields": {"name": "Students", "permissions": [23]}}, {"pk": 1, "model": "auth.user", "fields": {"username": "vagrant", "first_name": "", "last_name": "", "is_active": true, "is_superuser": true, "is_staff": true, "last_login": "2014-07-25T21:21:33.194Z", "groups": [], "user_permissions": [], "password": "pbkdf2_sha256$12000$jpuwsNA1TbzE$ZAImtm7nVwtpYNBzTfcnv397wdlrJnIjirLYms7L5jg=", "email": "", "date_joined": "2014-07-24T02:58:17.335Z"}}, {"pk": 2, "model": "auth.user", "fields": {"username": "admin", "first_name": "", "last_name": "", "is_active": true, "is_superuser": false, "is_staff": true, "last_login": "2014-07-24T22:43:36.294Z", "groups": [], "user_permissions": [43, 44, 45, 31, 32, 33, 49, 50, 51, 22, 23, 24, 34, 35, 36, 40, 41, 42, 37, 38, 39, 46, 47, 48], "password": "pbkdf2_sha256$12000$lwlln7oUQRKE$j1sREGrsqYPeMEvc5FSE+svnZr60fXm50kQvEg8BW7s=", "email": "", "date_joined": "2014-07-24T03:22:00Z"}}, {"pk": 3, "model": "auth.user", "fields": {"username": "student1", "first_name": "", "last_name": "", "is_active": true, "is_superuser": false, "is_staff": true, "last_login": "2014-07-25T20:07:18.362Z", "groups": [1], "user_permissions": [], "password": "pbkdf2_sha256$12000$UKDfuV2bwSbL$LDs/xex+tHX3HGp/CUiH6xfRKo9F0OJdd5JiAG6EA30=", "email": "", "date_joined": "2014-07-25T20:00:38Z"}}, {"pk": "q1owkklbxvecn15yev6qd6bnx00d74kt", "model": "sessions.session", "fields": {"expire_date": "2014-08-08T21:21:33.200Z", "session_data": "MzU3MWM4NDQzY2NlYjdiYmViMDBiNWRiZDAyMDBmZWIzMDM1OTJhODp7Il9hdXRoX3VzZXJfYmFja2VuZCI6ImRqYW5nby5jb250cmliLmF1dGguYmFja2VuZHMuTW9kZWxCYWNrZW5kIiwiX2F1dGhfdXNlcl9pZCI6MX0="}}, {"pk": "rkclhw96sbcdeyrs9ogyw0lwi7elkn6a", "model": "sessions.session", "fields": {"expire_date": "2014-08-07T03:29:18.949Z", "session_data": "YTc4ZTY5N2U0NmU3ZTQ3NWVjMGJhODYxNjUyMzQ1MjU0ZGJkYzA5Mjp7Il9hdXRoX3VzZXJfYmFja2VuZCI6ImRqYW5nby5jb250cmliLmF1dGguYmFja2VuZHMuTW9kZWxCYWNrZW5kIiwiX2F1dGhfdXNlcl9pZCI6Mn0="}}, {"pk": 1, "model": "south.migrationhistory", "fields": {"applied": "2014-07-24T02:59:12.134Z", "app_name": "registration", "migration": "0001_initial"}}, {"pk": 2, "model": "south.migrationhistory", "fields": {"applied": "2014-07-24T03:08:18.139Z", "app_name": "registration", "migration": "0002_auto__del_faculty__del_staff__add_facultymember__add_staffmember__chg_"}}, {"pk": 3, "model": "south.migrationhistory", "fields": {"applied": "2014-07-24T03:14:37.320Z", "app_name": "registration", "migration": "0003_auto__add_field_course_department"}}, {"pk": 4, "model": "south.migrationhistory", "fields": {"applied": "2014-07-24T14:58:49.272Z", "app_name": "registration", "migration": "0004_auto__chg_field_department_location__add_index_department_location"}}, {"pk": 5, "model": "south.migrationhistory", "fields": {"applied": "2014-07-24T15:14:05.237Z", "app_name": "registration", "migration": "0005_auto"}}, {"pk": 6, "model": "south.migrationhistory", "fields": {"applied": "2014-07-24T15:15:32.327Z", "app_name": "registration", "migration": "0006_auto"}}, {"pk": 7, "model": "south.migrationhistory", "fields": {"applied": "2014-07-24T15:17:23.757Z", "app_name": "registration", "migration": "0007_auto"}}, {"pk": 8, "model": "south.migrationhistory", "fields": {"applied": "2014-07-24T15:18:05.996Z", "app_name": "registration", "migration": "0008_auto"}}, {"pk": 9, "model": "south.migrationhistory", "fields": {"applied": "2014-07-24T15:24:37.381Z", "app_name": "registration", "migration": "0009_auto__del_field_course_code__add_field_course_number"}}, {"pk": 10, "model": "south.migrationhistory", "fields": {"applied": "2014-07-24T18:01:56.086Z", "app_name": "registration", "migration": "0010_auto__chg_field_student_major__add_index_student_major"}}, {"pk": 1, "model": "registration.staffmember", "fields": {"salary": 90000, "city": "Newark", "first_name": "Kanye", "last_name": "West", "street": "47 Oak St.", "state": "NJ", "ssn": "444939384"}}, {"pk": 2, "model": "registration.staffmember", "fields": {"salary": 87000, "city": "Newark", "first_name": "Paul", "last_name": "McCartney", "street": "67 First St.", "state": "NJ", "ssn": "948398439"}}, {"pk": 3, "model": "registration.staffmember", "fields": {"salary": 91000, "city": "Newark", "first_name": "Justin", "last_name": "Timberlake", "street": "12 Second St.", "state": "NJ", "ssn": "192838475"}}, {"pk": 4, "model": "registration.staffmember", "fields": {"salary": 100000, "city": "Elizabeth", "first_name": "Bruce", "last_name": "Springsteen", "street": "87 Third St.", "state": "NJ", "ssn": "834792375"}}, {"pk": 5, "model": "registration.staffmember", "fields": {"salary": 100000, "city": "New York", "first_name": "Jennifer", "last_name": "Lopez", "street": "67 Washington St.", "state": "New York", "ssn": "892489587"}}, {"pk": 6, "model": "registration.staffmember", "fields": {"salary": 20000, "city": "Newark", "first_name": "Miley", "last_name": "Cyrus", "street": "12 First St.", "state": "NJ", "ssn": "884758403"}}, {"pk": 7, "model": "registration.staffmember", "fields": {"salary": 90000, "city": "Newark", "first_name": "Howard", "last_name": "Stern", "street": "62 Lee Ave", "state": "NJ", "ssn": "992828889"}}, {"pk": 8, "model": "registration.staffmember", "fields": {"salary": 100000, "city": "Newark", "first_name": "Hugh", "last_name": "Jackman", "street": "98 Front St.", "state": "NJ", "ssn": "222229393"}}, {"pk": 9, "model": "registration.staffmember", "fields": {"salary": 45000, "city": "Newark", "first_name": "Ashton", "last_name": "Kutcher", "street": "89 Front St.", "state": "NJ", "ssn": "334435399"}}, {"pk": 10, "model": "registration.staffmember", "fields": {"salary": 70000, "city": "Newark", "first_name": "Vin", "last_name": "Diesel", "street": "34 Circle Ct.", "state": "NJ", "ssn": "393483939"}}, {"pk": 11, "model": "registration.staffmember", "fields": {"salary": 19000, "city": "Newark", "first_name": "Ben", "last_name": "Affleck", "street": "1 Square Ct.", "state": "NJ", "ssn": "220202020"}}, {"pk": 1, "model": "registration.facultymember", "fields": {"course_load": 1, "rank": "Jr.", "staff": 1}}, {"pk": 2, "model": "registration.facultymember", "fields": {"course_load": 4, "rank": "Sr.", "staff": 2}}, {"pk": 3, "model": "registration.facultymember", "fields": {"course_load": 1, "rank": "Sr.", "staff": 10}}, {"pk": 4, "model": "registration.facultymember", "fields": {"course_load": 1, "rank": "Jr.", "staff": 9}}, {"pk": 5, "model": "registration.facultymember", "fields": {"course_load": 1, "rank": "Sr.", "staff": 8}}, {"pk": 6, "model": "registration.facultymember", "fields": {"course_load": 1, "rank": "Jr.", "staff": 7}}, {"pk": 7, "model": "registration.facultymember", "fields": {"course_load": 1, "rank": "Jr.", "staff": 6}}, {"pk": 1, "model": "registration.location", "fields": {"building": "100", "equipment": "AV equipped", "capacity": 20, "room": "1A"}}, {"pk": 2, "model": "registration.location", "fields": {"building": "100", "equipment": "AV Equipped", "capacity": 20, "room": "1B"}}, {"pk": 3, "model": "registration.location", "fields": {"building": "101", "equipment": "Computers", "capacity": 10, "room": "1"}}, {"pk": 4, "model": "registration.location", "fields": {"building": "101", "equipment": "Television", "capacity": 5, "room": "2"}}, {"pk": 5, "model": "registration.location", "fields": {"building": "101", "equipment": "Television", "capacity": 10, "room": "2"}}, {"pk": 6, "model": "registration.location", "fields": {"building": "101", "equipment": "Television", "capacity": 5, "room": "4"}}, {"pk": 7, "model": "registration.location", "fields": {"building": "100", "equipment": "Computera", "capacity": 10, "room": "2"}}, {"pk": 8, "model": "registration.location", "fields": {"building": "100", "equipment": "Computers", "capacity": 10, "room": "3"}}, {"pk": 9, "model": "registration.location", "fields": {"building": "102", "equipment": "Computers", "capacity": 100, "room": "1"}}, {"pk": 10, "model": "registration.location", "fields": {"building": "103", "equipment": "Computers", "capacity": 40, "room": "1"}}, {"pk": 11, "model": "registration.location", "fields": {"building": "104", "equipment": "Computers", "capacity": 100, "room": "1"}}, {"pk": 12, "model": "registration.location", "fields": {"building": "104", "equipment": "Computers", "capacity": 50, "room": "2"}}, {"pk": 13, "model": "registration.location", "fields": {"building": "104", "equipment": "Computers", "capacity": 100, "room": "3"}}, {"pk": 14, "model": "registration.location", "fields": {"building": "104", "equipment": "Computers", "capacity": 75, "room": "4"}}, {"pk": 15, "model": "registration.location", "fields": {"building": "104", "equipment": "Computers", "capacity": 100, "room": "5"}}, {"pk": 16, "model": "registration.location", "fields": {"building": "104", "equipment": "Computers", "capacity": 60, "room": "5"}}, {"pk": 17, "model": "registration.location", "fields": {"building": "106", "equipment": "Computers", "capacity": 50, "room": "1"}}, {"pk": 18, "model": "registration.location", "fields": {"building": "106", "equipment": "Computers", "capacity": 50, "room": "2"}}, {"pk": 19, "model": "registration.location", "fields": {"building": "106", "equipment": "Computers", "capacity": 100, "room": "3"}}, {"pk": 20, "model": "registration.location", "fields": {"building": "107", "equipment": "Computers", "capacity": 40, "room": "1"}}, {"pk": 21, "model": "registration.location", "fields": {"building": "108", "equipment": "Computers", "capacity": 40, "room": "1"}}, {"pk": 22, "model": "registration.location", "fields": {"building": "108", "equipment": "Computers", "capacity": 40, "room": "2"}}, {"pk": 23, "model": "registration.location", "fields": {"building": "108", "equipment": "Computers", "capacity": 30, "room": "3"}}, {"pk": 24, "model": "registration.location", "fields": {"building": "108", "equipment": "Computers", "capacity": 60, "room": "4"}}, {"pk": 1, "model": "registration.department", "fields": {"chairperson": 1, "name": "Computer Science", "budget": 1000000, "code": "CS", "location": 1, "faculty": [1, 2, 3]}}, {"pk": 2, "model": "registration.department", "fields": {"chairperson": 2, "name": "Electrical Engineering", "budget": 10000, "code": "EE", "location": 2, "faculty": [1, 2]}}, {"pk": 3, "model": "registration.department", "fields": {"chairperson": 7, "name": "Music", "budget": 50000, "code": "MU", "location": 4, "faculty": [6, 7]}}, {"pk": 4, "model": "registration.department", "fields": {"chairperson": 6, "name": "Fine Arts", "budget": 80000, "code": "FA", "location": 5, "faculty": [5, 6]}}, {"pk": 5, "model": "registration.department", "fields": {"chairperson": 4, "name": "Mechanical Engineering", "budget": 80000, "code": "ME", "location": 6, "faculty": [2, 4]}}, {"pk": 6, "model": "registration.department", "fields": {"chairperson": 5, "name": "Math", "budget": 200000, "code": "MA", "location": 7, "faculty": [5, 6]}}, {"pk": 7, "model": "registration.department", "fields": {"chairperson": 1, "name": "Chemistry", "budget": 98000, "code": "CHEM", "location": 8, "faculty": [4]}}, {"pk": 1, "model": "registration.student", "fields": {"first_name": "Beyonce", "last_name": "Knowles", "major": 1, "ssn": "123456789", "year": "2014", "high_school": "Newark High School"}}, {"pk": 2, "model": "registration.student", "fields": {"first_name": "LeBron", "last_name": "James", "major": 2, "ssn": "234567890", "year": "2014", "high_school": "Newark High School"}}, {"pk": 3, "model": "registration.student", "fields": {"first_name": "Oprah", "last_name": "Winfrey", "major": 5, "ssn": "345678900", "year": "2013", "high_school": "Elizabeth High School"}}, {"pk": 4, "model": "registration.student", "fields": {"first_name": "Floyd", "last_name": "Mayweather", "major": 2, "ssn": "456789000", "year": "2016", "high_school": "Newark High School"}}, {"pk": 5, "model": "registration.student", "fields": {"first_name": "Katy", "last_name": "Perry", "major": 3, "ssn": "567890123", "year": "2015", "high_school": "Marlboro High School"}}, {"pk": 6, "model": "registration.student", "fields": {"first_name": "Robert", "last_name": "Downey", "major": 5, "ssn": "567294750", "year": "2017", "high_school": "Freehold Regional High School"}}, {"pk": 7, "model": "registration.student", "fields": {"first_name": "Ellen", "last_name": "DeGeneres", "major": 1, "ssn": "673920385", "year": "2014", "high_school": "Newark High School"}}, {"pk": 8, "model": "registration.student", "fields": {"first_name": "Steven", "last_name": "Spielberg", "major": 3, "ssn": "892745040", "year": "2015", "high_school": "Newark High School"}}, {"pk": 9, "model": "registration.student", "fields": {"first_name": "Jennifer", "last_name": "Lawrence", "major": 5, "ssn": "839475749", "year": "2015", "high_school": "Elizabeth High School"}}, {"pk": 10, "model": "registration.student", "fields": {"first_name": "Bon", "last_name": "Jovi", "major": 4, "ssn": "489373458", "year": "2014", "high_school": "Newark High School"}}, {"pk": 11, "model": "registration.student", "fields": {"first_name": "Bruno", "last_name": "Mars", "major": 2, "ssn": "357532099", "year": "2015", "high_school": "Howell High School"}}, {"pk": 12, "model": "registration.student", "fields": {"first_name": "Kobe", "last_name": "Bryant", "major": 2, "ssn": "999383485", "year": "2014", "high_school": "Newark High School"}}, {"pk": 13, "model": "registration.student", "fields": {"first_name": "Miley", "last_name": "Cyrus", "major": 1, "ssn": "884758403", "year": "2016", "high_school": "Newark High School"}}, {"pk": 14, "model": "registration.student", "fields": {"first_name": "Sandra", "last_name": "Bullock", "major": 1, "ssn": "775949458", "year": "2015", "high_school": "Newark High School"}}, {"pk": 15, "model": "registration.student", "fields": {"first_name": "Justin", "last_name": "Bieber", "major": 2, "ssn": "883938585", "year": "2017", "high_school": "Elizabeth High School"}}, {"pk": 16, "model": "registration.student", "fields": {"first_name": "Ryan", "last_name": "Seacrest", "major": 2, "ssn": "892223394", "year": "2015", "high_school": "Somerset High School"}}, {"pk": 17, "model": "registration.student", "fields": {"first_name": "Peyton", "last_name": "Manning", "major": 4, "ssn": "910191221", "year": "2016", "high_school": "Somerset High School"}}, {"pk": 18, "model": "registration.student", "fields": {"first_name": "Glenn", "last_name": "Beck", "major": 5, "ssn": "883737373", "year": "2015", "high_school": "Newark High School"}}, {"pk": 19, "model": "registration.student", "fields": {"first_name": "Sean", "last_name": "Combs", "major": 2, "ssn": "383744455", "year": "2015", "high_school": "High Tech High School"}}, {"pk": 20, "model": "registration.student", "fields": {"first_name": "Tiger", "last_name": "Woods", "major": 4, "ssn": "222334455", "year": "2015", "high_school": "Newark High School"}}, {"pk": 21, "model": "registration.student", "fields": {"first_name": "Jimmy", "last_name": "Fallon", "major": 2, "ssn": "333544333", "year": "2016", "high_school": "Elizabeth High School"}}, {"pk": 22, "model": "registration.student", "fields": {"first_name": "Bradley", "last_name": "Cooper", "major": 1, "ssn": "393939484", "year": "2017", "high_school": "Newark High School"}}, {"pk": 23, "model": "registration.student", "fields": {"first_name": "Toby", "last_name": "Keith", "major": 1, "ssn": "28299484", "year": "2015", "high_school": "Newark High School"}}, {"pk": 24, "model": "registration.student", "fields": {"first_name": "Leonardo", "last_name": "DiCaprio", "major": 1, "ssn": "332039209", "year": "2014", "high_school": "Park High School"}}, {"pk": 25, "model": "registration.student", "fields": {"first_name": "Matthew", "last_name": "McConaughey", "major": 2, "ssn": "332223322", "year": "2016", "high_school": "Newark High School"}}, {"pk": 26, "model": "registration.student", "fields": {"first_name": "Sofia", "last_name": "Vergara", "major": 3, "ssn": "111111111", "year": "2014", "high_school": "Newark High School"}}, {"pk": 27, "model": "registration.student", "fields": {"first_name": "Dwayne", "last_name": "Wade", "major": 1, "ssn": "222222222", "year": "2015", "high_school": "Newark High School"}}, {"pk": 28, "model": "registration.student", "fields": {"first_name": "Gisele", "last_name": "Bundchen", "major": 3, "ssn": "393028940", "year": "2015", "high_school": "Newark High School"}}, {"pk": 29, "model": "registration.student", "fields": {"first_name": "Jon", "last_name": "Stewart", "major": 4, "ssn": "453059304", "year": "2015", "high_school": "Newark High School"}}, {"pk": 30, "model": "registration.student", "fields": {"first_name": "Rush", "last_name": "Limbaugh", "major": 5, "ssn": "313409430", "year": "2016", "high_school": "Newark High School"}}, {"pk": 31, "model": "registration.student", "fields": {"first_name": "Mark", "last_name": "Wahlberg", "major": 3, "ssn": "430800001", "year": "2015", "high_school": "Newark High School"}}, {"pk": 32, "model": "registration.student", "fields": {"first_name": "Ben", "last_name": "Affleck", "major": 2, "ssn": "220202020", "year": "2014", "high_school": "Newark High School"}}, {"pk": 1, "model": "registration.teachingassistantstatus", "fields": {"status": "Full Time"}}, {"pk": 2, "model": "registration.teachingassistantstatus", "fields": {"status": "Part Time"}}, {"pk": 1, "model": "registration.teachingassistant", "fields": {"hours": 12, "status": 2, "student": 13, "staff": 6}}, {"pk": 2, "model": "registration.teachingassistant", "fields": {"hours": 3, "status": 2, "student": 32, "staff": 11}}, {"pk": 1, "model": "registration.course", "fields": {"department": 1, "credit": 6, "ta_requirement": 3, "number": "631", "name": "Database Nirvana"}}, {"pk": 2, "model": "registration.course", "fields": {"department": 2, "credit": 3, "ta_requirement": 0, "number": "110", "name": "Analog Circuits"}}, {"pk": 3, "model": "registration.course", "fields": {"department": 3, "credit": 3, "ta_requirement": 1, "number": "101", "name": "Music Appreciation"}}, {"pk": 4, "model": "registration.course", "fields": {"department": 4, "credit": 3, "ta_requirement": 1, "number": "200", "name": "Painting"}}, {"pk": 5, "model": "registration.course", "fields": {"department": 5, "credit": 3, "ta_requirement": 1, "number": "400", "name": "Electronics"}}, {"pk": 6, "model": "registration.course", "fields": {"department": 1, "credit": 3, "ta_requirement": 0, "number": "656", "name": "Networking"}}, {"pk": 7, "model": "registration.course", "fields": {"department": 1, "credit": 3, "ta_requirement": 0, "number": "608", "name": "Cryptography and Security"}}, {"pk": 8, "model": "registration.course", "fields": {"department": 1, "credit": 3, "ta_requirement": 0, "number": "633", "name": "Distributed Systems"}}, {"pk": 9, "model": "registration.course", "fields": {"department": 1, "credit": 3, "ta_requirement": 0, "number": "659", "name": "Image Processing and Analysis"}}, {"pk": 10, "model": "registration.course", "fields": {"department": 5, "credit": 3, "ta_requirement": 0, "number": "616", "name": "Matrix Methods in Mechanical Engineering"}}, {"pk": 11, "model": "registration.course", "fields": {"department": 5, "credit": 3, "ta_requirement": 0, "number": "610", "name": "Applied Heat Transfer"}}, {"pk": 12, "model": "registration.course", "fields": {"department": 5, "credit": 3, "ta_requirement": 0, "number": "611", "name": "Dynamics of Incompressible Fluids"}}, {"pk": 13, "model": "registration.course", "fields": {"department": 5, "credit": 3, "ta_requirement": 0, "number": "614", "name": "Continuum Mechanics"}}, {"pk": 14, "model": "registration.course", "fields": {"department": 5, "credit": 3, "ta_requirement": 0, "number": "620", "name": "Stress Methods in Mechanical Design"}}, {"pk": 15, "model": "registration.course", "fields": {"department": 5, "credit": 3, "ta_requirement": 0, "number": "632", "name": "Mechanical Engineering Measurements"}}, {"pk": 16, "model": "registration.course", "fields": {"department": 5, "credit": 3, "ta_requirement": 0, "number": "635", "name": "Computer-Aided Design"}}, {"pk": 17, "model": "registration.course", "fields": {"department": 2, "credit": 3, "ta_requirement": 0, "number": "601", "name": "Linear Systems"}}, {"pk": 18, "model": "registration.course", "fields": {"department": 2, "credit": 0, "ta_requirement": 0, "number": "673", "name": "Random Signal Analysis I"}}, {"pk": 19, "model": "registration.course", "fields": {"department": 2, "credit": 3, "ta_requirement": 0, "number": "620", "name": "Electromagnetic Field Theory"}}, {"pk": 20, "model": "registration.course", "fields": {"department": 2, "credit": 3, "ta_requirement": 0, "number": "640", "name": "Digital Signal Processing"}}, {"pk": 21, "model": "registration.course", "fields": {"department": 2, "credit": 3, "ta_requirement": 0, "number": "642", "name": "Communication Systems I"}}, {"pk": 22, "model": "registration.course", "fields": {"department": 2, "credit": 3, "ta_requirement": 0, "number": "742", "name": "Communication Systems II"}}, {"pk": 23, "model": "registration.course", "fields": {"department": 2, "credit": 3, "ta_requirement": 0, "number": "740", "name": "Advanced Digital Signal Processing"}}, {"pk": 24, "model": "registration.course", "fields": {"department": 2, "credit": 3, "ta_requirement": 0, "number": "630", "name": "Microwave Engineering"}}, {"pk": 25, "model": "registration.course", "fields": {"department": 2, "credit": 3, "ta_requirement": 0, "number": "632", "name": "Antenna Theory"}}, {"pk": 26, "model": "registration.course", "fields": {"department": 3, "credit": 3, "ta_requirement": 0, "number": "349", "name": "Advanced Music Technology"}}, {"pk": 27, "model": "registration.course", "fields": {"department": 4, "credit": 3, "ta_requirement": 0, "number": "111", "name": "Communication in Art+Design: Traditional Media"}}, {"pk": 28, "model": "registration.course", "fields": {"department": 4, "credit": 3, "ta_requirement": 0, "number": "112", "name": "Communication in Art+Design: Digital Media"}}, {"pk": 29, "model": "registration.course", "fields": {"department": 4, "credit": 3, "ta_requirement": 0, "number": "334", "name": "Color Theory/Electronic Color"}}, {"pk": 30, "model": "registration.course", "fields": {"department": 4, "credit": 3, "ta_requirement": 0, "number": "161", "name": "History of Art & Design I"}}, {"pk": 31, "model": "registration.course", "fields": {"department": 4, "credit": 3, "ta_requirement": 0, "number": "162", "name": "History of Art & Design II"}}, {"pk": 32, "model": "registration.course", "fields": {"department": 4, "credit": 3, "ta_requirement": 0, "number": "150", "name": "Color and Composition"}}, {"pk": 33, "model": "registration.course", "fields": {"department": 6, "credit": 3, "ta_requirement": 0, "number": "662", "name": "Probability Distributions"}}, {"pk": 34, "model": "registration.course", "fields": {"department": 6, "credit": 3, "ta_requirement": 0, "number": "637", "name": "Foundations of Mathematical Biology"}}, {"pk": 35, "model": "registration.course", "fields": {"department": 6, "credit": 3, "ta_requirement": 0, "number": "636", "name": "Systems Computational Neuroscience"}}, {"pk": 36, "model": "registration.course", "fields": {"department": 3, "credit": 3, "ta_requirement": 0, "number": "635", "name": "Analytical Computational Neuroscience"}}, {"pk": 37, "model": "registration.course", "fields": {"department": 7, "credit": 3, "ta_requirement": 0, "number": "658", "name": "Advanced Physical Chemistry"}}, {"pk": 38, "model": "registration.course", "fields": {"department": 7, "credit": 3, "ta_requirement": 0, "number": "673", "name": "Biochemistry"}}, {"pk": 39, "model": "registration.course", "fields": {"department": 7, "credit": 3, "ta_requirement": 0, "number": "677", "name": "Introduction to Medicinal Chemistry"}}, {"pk": 40, "model": "registration.course", "fields": {"department": 6, "credit": 3, "ta_requirement": 0, "number": "663", "name": "Introduction to Biostatistics"}}, {"pk": 1, "model": "registration.timeslot", "fields": {"day": "Monday", "time": "8:00am - 10:00am"}}, {"pk": 2, "model": "registration.timeslot", "fields": {"day": "Wednesday", "time": "8:00am - 10:00am"}}, {"pk": 3, "model": "registration.timeslot", "fields": {"day": "Wednesday", "time": "11:00am - 12:00pm"}}, {"pk": 4, "model": "registration.timeslot", "fields": {"day": "Friday", "time": "11:00am - 12:00pm"}}, {"pk": 5, "model": "registration.timeslot", "fields": {"day": "Tuesday", "time": "11:00am - 12:00pm"}}, {"pk": 6, "model": "registration.timeslot", "fields": {"day": "Friday", "time": "2:00pm - 4:00pm"}}, {"pk": 1, "model": "registration.section", "fields": {"faculty": 1, "number": "1", "course": 1, "location": 2, "student": [1, 3, 4], "max_enrollment": 20, "time_slot": [2, 4], "teaching_assistant": 1}}, {"pk": 2, "model": "registration.section", "fields": {"faculty": 2, "number": "2", "course": 1, "location": 1, "student": [3, 13, 14, 15, 16, 18], "max_enrollment": 20, "time_slot": [6], "teaching_assistant": 2}}, {"pk": 3, "model": "registration.section", "fields": {"faculty": 5, "number": "1", "course": 2, "location": 2, "student": [4, 7, 9, 10, 11, 12, 15], "max_enrollment": 10, "time_slot": [2], "teaching_assistant": 2}}, {"pk": 4, "model": "registration.section", "fields": {"faculty": 3, "number": "1", "course": 3, "location": 2, "student": [2, 3, 4, 6, 15, 25, 26], "max_enrollment": 10, "time_slot": [6], "teaching_assistant": 1}}, {"pk": 5, "model": "registration.section", "fields": {"faculty": 2, "number": "1", "course": 4, "location": 2, "student": [3, 4, 5, 6, 7, 19], "max_enrollment": 20, "time_slot": [2], "teaching_assistant": 1}}, {"pk": 7, "model": "registration.section", "fields": {"faculty": 1, "number": "3", "course": 1, "location": 9, "student": [10, 12], "max_enrollment": 20, "time_slot": [1], "teaching_assistant": 1}}, {"pk": 8, "model": "registration.section", "fields": {"faculty": 2, "number": "1", "course": 2, "location": 9, "student": [4, 7], "max_enrollment": 30, "time_slot": [2], "teaching_assistant": 1}}, {"pk": 9, "model": "registration.section", "fields": {"faculty": 4, "number": "2", "course": 2, "location": 9, "student": [2, 3, 12], "max_enrollment": 25, "time_slot": [3, 4], "teaching_assistant": 2}}, {"pk": 10, "model": "registration.section", "fields": {"faculty": 4, "number": "2", "course": 3, "location": 9, "student": [4, 5], "max_enrollment": 50, "time_slot": [6], "teaching_assistant": 2}}, {"pk": 11, "model": "registration.section", "fields": {"faculty": 7, "number": "1", "course": 4, "location": 10, "student": [3], "max_enrollment": 20, "time_slot": [1], "teaching_assistant": 2}}, {"pk": 12, "model": "registration.section", "fields": {"faculty": 3, "number": "2", "course": 4, "location": 10, "student": [3, 7], "max_enrollment": 20, "time_slot": [2], "teaching_assistant": 1}}, {"pk": 13, "model": "registration.section", "fields": {"faculty": 5, "number": "1", "course": 5, "location": 10, "student": [2, 6, 7], "max_enrollment": 20, "time_slot": [3], "teaching_assistant": 2}}, {"pk": 14, "model": "registration.section", "fields": {"faculty": 6, "number": "2", "course": 5, "location": 10, "student": [3, 5], "max_enrollment": 20, "time_slot": [4], "teaching_assistant": 1}}, {"pk": 15, "model": "registration.section", "fields": {"faculty": 6, "number": "1", "course": 6, "location": 11, "student": [3, 5, 6], "max_enrollment": 50, "time_slot": [5, 6], "teaching_assistant": 1}}, {"pk": 16, "model": "registration.section", "fields": {"faculty": 4, "number": "2", "course": 6, "location": 11, "student": [8, 12], "max_enrollment": 20, "time_slot": [1, 2], "teaching_assistant": 1}}, {"pk": 17, "model": "registration.section", "fields": {"faculty": 4, "number": "1", "course": 7, "location": 12, "student": [2, 6, 9, 10], "max_enrollment": 20, "time_slot": [1], "teaching_assistant": 2}}, {"pk": 18, "model": "registration.section", "fields": {"faculty": 6, "number": "2", "course": 7, "location": 12, "student": [7, 12, 15, 17], "max_enrollment": 20, "time_slot": [6], "teaching_assistant": 2}}, {"pk": 19, "model": "registration.section", "fields": {"faculty": 5, "number": "1", "course": 8, "location": 13, "student": [10, 11, 12, 14], "max_enrollment": 35, "time_slot": [1, 2], "teaching_assistant": 2}}, {"pk": 20, "model": "registration.section", "fields": {"faculty": 6, "number": "2", "course": 8, "location": 13, "student": [15, 17, 18, 21, 22], "max_enrollment": 30, "time_slot": [3, 4], "teaching_assistant": 1}}, {"pk": 21, "model": "registration.section", "fields": {"faculty": 7, "number": "1", "course": 9, "location": 13, "student": [2, 8, 9, 14], "max_enrollment": 40, "time_slot": [5, 6], "teaching_assistant": 1}}, {"pk": 22, "model": "registration.section", "fields": {"faculty": 6, "number": "2", "course": 9, "location": 14, "student": [30, 31], "max_enrollment": 45, "time_slot": [5, 6], "teaching_assistant": 2}}, {"pk": 23, "model": "registration.section", "fields": {"faculty": 6, "number": "1", "course": 10, "location": 14, "student": [14, 17], "max_enrollment": 30, "time_slot": [3, 4], "teaching_assistant": 2}}, {"pk": 24, "model": "registration.section", "fields": {"faculty": 3, "number": "2", "course": 10, "location": 15, "student": [2, 8], "max_enrollment": 40, "time_slot": [5, 6], "teaching_assistant": 2}}, {"pk": 25, "model": "registration.section", "fields": {"faculty": 2, "number": "1", "course": 11, "location": 15, "student": [12, 14, 15, 20, 21], "max_enrollment": 30, "time_slot": [2, 3], "teaching_assistant": 2}}, {"pk": 26, "model": "registration.section", "fields": {"faculty": 3, "number": "2", "course": 11, "location": 16, "student": [5, 8, 9], "max_enrollment": 10, "time_slot": [5, 6], "teaching_assistant": 2}}, {"pk": 27, "model": "registration.section", "fields": {"faculty": 5, "number": "1", "course": 12, "location": 16, "student": [17, 18], "max_enrollment": 20, "time_slot": [3, 4], "teaching_assistant": 1}}, {"pk": 28, "model": "registration.section", "fields": {"faculty": 3, "number": "1", "course": 13, "location": 17, "student": [2, 4], "max_enrollment": 30, "time_slot": [1, 2], "teaching_assistant": 2}}, {"pk": 29, "model": "registration.section", "fields": {"faculty": 3, "number": "1", "course": 14, "location": 17, "student": [6, 10], "max_enrollment": 30, "time_slot": [4, 6], "teaching_assistant": 1}}, {"pk": 30, "model": "registration.section", "fields": {"faculty": 6, "number": "1", "course": 15, "location": 18, "student": [6, 7, 8], "max_enrollment": 50, "time_slot": [6], "teaching_assistant": 2}}, {"pk": 31, "model": "registration.section", "fields": {"faculty": 6, "number": "1", "course": 16, "location": 18, "student": [11, 13, 14, 21, 22], "max_enrollment": 45, "time_slot": [3, 4], "teaching_assistant": 2}}, {"pk": 32, "model": "registration.section", "fields": {"faculty": 6, "number": "1", "course": 17, "location": 19, "student": [7, 9, 10], "max_enrollment": 45, "time_slot": [1], "teaching_assistant": 1}}, {"pk": 33, "model": "registration.section", "fields": {"faculty": 4, "number": "1", "course": 18, "location": 19, "student": [20, 21, 22], "max_enrollment": 50, "time_slot": [3], "teaching_assistant": 1}}, {"pk": 34, "model": "registration.section", "fields": {"faculty": 6, "number": "1", "course": 18, "location": 19, "student": [15], "max_enrollment": 3, "time_slot": [6], "teaching_assistant": 2}}, {"pk": 35, "model": "registration.section", "fields": {"faculty": 5, "number": "1", "course": 19, "location": 19, "student": [1], "max_enrollment": 40, "time_slot": [6], "teaching_assistant": 2}}, {"pk": 36, "model": "registration.section", "fields": {"faculty": 7, "number": "1", "course": 20, "location": 19, "student": [12], "max_enrollment": 30, "time_slot": [3], "teaching_assistant": 1}}, {"pk": 37, "model": "registration.section", "fields": {"faculty": 6, "number": "2", "course": 21, "location": 20, "student": [4], "max_enrollment": 30, "time_slot": [6], "teaching_assistant": 2}}, {"pk": 38, "model": "registration.section", "fields": {"faculty": 6, "number": "1", "course": 22, "location": 20, "student": [20], "max_enrollment": 25, "time_slot": [2], "teaching_assistant": 2}}, {"pk": 39, "model": "registration.section", "fields": {"faculty": 7, "number": "1", "course": 23, "location": 20, "student": [27], "max_enrollment": 20, "time_slot": [4], "teaching_assistant": 2}}, {"pk": 40, "model": "registration.section", "fields": {"faculty": 2, "number": "1", "course": 24, "location": 20, "student": [16], "max_enrollment": 20, "time_slot": [5], "teaching_assistant": 1}}, {"pk": 41, "model": "registration.section", "fields": {"faculty": 5, "number": "1", "course": 25, "location": 21, "student": [9, 10], "max_enrollment": 23, "time_slot": [6], "teaching_assistant": 2}}, {"pk": 42, "model": "registration.section", "fields": {"faculty": 2, "number": "1", "course": 26, "location": 21, "student": [12, 19, 20], "max_enrollment": 20, "time_slot": [2], "teaching_assistant": 1}}, {"pk": 43, "model": "registration.section", "fields": {"faculty": 6, "number": "1", "course": 27, "location": 21, "student": [21, 22, 24], "max_enrollment": 10, "time_slot": [6], "teaching_assistant": 2}}, {"pk": 44, "model": "registration.section", "fields": {"faculty": 1, "number": "1", "course": 28, "location": 21, "student": [16, 18, 23], "max_enrollment": 10, "time_slot": [5, 6], "teaching_assistant": 2}}, {"pk": 45, "model": "registration.section", "fields": {"faculty": 6, "number": "1", "course": 29, "location": 22, "student": [23, 24, 25], "max_enrollment": 40, "time_slot": [4, 5], "teaching_assistant": 1}}, {"pk": 46, "model": "registration.section", "fields": {"faculty": 6, "number": "1", "course": 30, "location": 22, "student": [26, 27, 29], "max_enrollment": 3, "time_slot": [6], "teaching_assistant": 1}}, {"pk": 47, "model": "registration.section", "fields": {"faculty": 2, "number": "2", "course": 31, "location": 22, "student": [30, 31, 32], "max_enrollment": 10, "time_slot": [4], "teaching_assistant": 1}}, {"pk": 48, "model": "registration.section", "fields": {"faculty": 7, "number": "1", "course": 32, "location": 23, "student": [28, 30, 31], "max_enrollment": 20, "time_slot": [1], "teaching_assistant": 2}}, {"pk": 49, "model": "registration.section", "fields": {"faculty": 2, "number": "1", "course": 33, "location": 23, "student": [16, 17, 18, 20], "max_enrollment": 25, "time_slot": [4], "teaching_assistant": 2}}, {"pk": 50, "model": "registration.section", "fields": {"faculty": 6, "number": "1", "course": 34, "location": 23, "student": [24, 25, 26], "max_enrollment": 15, "time_slot": [6], "teaching_assistant": 2}}, {"pk": 51, "model": "registration.section", "fields": {"faculty": 6, "number": "1", "course": 35, "location": 23, "student": [16, 26], "max_enrollment": 20, "time_slot": [5], "teaching_assistant": 1}}, {"pk": 52, "model": "registration.section", "fields": {"faculty": 6, "number": "1", "course": 36, "location": 23, "student": [26, 27, 28], "max_enrollment": 20, "time_slot": [4], "teaching_assistant": 1}}, {"pk": 53, "model": "registration.section", "fields": {"faculty": 2, "number": "1", "course": 37, "location": 23, "student": [2, 15], "max_enrollment": 10, "time_slot": [5], "teaching_assistant": 2}}, {"pk": 54, "model": "registration.section", "fields": {"faculty": 5, "number": "1", "course": 38, "location": 24, "student": [27, 32], "max_enrollment": 15, "time_slot": [1], "teaching_assistant": 2}}, {"pk": 55, "model": "registration.section", "fields": {"faculty": 7, "number": "1", "course": 39, "location": 24, "student": [32], "max_enrollment": 20, "time_slot": [2], "teaching_assistant": 2}}, {"pk": 56, "model": "registration.section", "fields": {"faculty": 6, "number": "1", "course": 40, "location": 24, "student": [17, 20, 22, 23], "max_enrollment": 10, "time_slot": [6], "teaching_assistant": 1}}, {"pk": 1, "model": "admin.logentry", "fields": {"action_flag": 1, "action_time": "2014-07-24T03:09:09.401Z", "object_repr": "TeachingAssistantStatus object", "object_id": "1", "change_message": "", "user": 1, "content_type": 11}}, {"pk": 2, "model": "admin.logentry", "fields": {"action_flag": 1, "action_time": "2014-07-24T03:09:13.378Z", "object_repr": "TeachingAssistantStatus object", "object_id": "2", "change_message": "", "user": 1, "content_type": 11}}, {"pk": 3, "model": "admin.logentry", "fields": {"action_flag": 1, "action_time": "2014-07-24T03:10:19.497Z", "object_repr": "TimeSlot object", "object_id": "1", "change_message": "", "user": 1, "content_type": 16}}, {"pk": 4, "model": "admin.logentry", "fields": {"action_flag": 1, "action_time": "2014-07-24T03:10:36.063Z", "object_repr": "TimeSlot object", "object_id": "2", "change_message": "", "user": 1, "content_type": 16}}, {"pk": 5, "model": "admin.logentry", "fields": {"action_flag": 1, "action_time": "2014-07-24T03:22:00.940Z", "object_repr": "admin", "object_id": "2", "change_message": "", "user": 1, "content_type": 4}}, {"pk": 6, "model": "admin.logentry", "fields": {"action_flag": 2, "action_time": "2014-07-24T03:22:48.109Z", "object_repr": "admin", "object_id": "2", "change_message": "Changed is_staff and user_permissions.", "user": 1, "content_type": 4}}, {"pk": 7, "model": "admin.logentry", "fields": {"action_flag": 1, "action_time": "2014-07-24T14:30:17.768Z", "object_repr": "Beyonce Knowles (123456789)", "object_id": "1", "change_message": "", "user": 1, "content_type": 8}}, {"pk": 8, "model": "admin.logentry", "fields": {"action_flag": 1, "action_time": "2014-07-24T14:30:57.407Z", "object_repr": "LeBron James (234567890)", "object_id": "2", "change_message": "", "user": 1, "content_type": 8}}, {"pk": 9, "model": "admin.logentry", "fields": {"action_flag": 1, "action_time": "2014-07-24T14:31:43.605Z", "object_repr": "Oprah Winfrey (345678900)", "object_id": "3", "change_message": "", "user": 1, "content_type": 8}}, {"pk": 10, "model": "admin.logentry", "fields": {"action_flag": 1, "action_time": "2014-07-24T14:32:33.562Z", "object_repr": "Floyd Mayweather (456789000)", "object_id": "4", "change_message": "", "user": 1, "content_type": 8}}, {"pk": 11, "model": "admin.logentry", "fields": {"action_flag": 1, "action_time": "2014-07-24T14:33:20.011Z", "object_repr": "Katy Perry (567890123)", "object_id": "5", "change_message": "", "user": 1, "content_type": 8}}, {"pk": 12, "model": "admin.logentry", "fields": {"action_flag": 1, "action_time": "2014-07-24T14:34:26.359Z", "object_repr": "Robert Downey (567294750)", "object_id": "6", "change_message": "", "user": 1, "content_type": 8}}, {"pk": 13, "model": "admin.logentry", "fields": {"action_flag": 1, "action_time": "2014-07-24T14:35:10.184Z", "object_repr": "Ellen DeGeneres (673920385)", "object_id": "7", "change_message": "", "user": 1, "content_type": 8}}, {"pk": 14, "model": "admin.logentry", "fields": {"action_flag": 1, "action_time": "2014-07-24T14:36:02.957Z", "object_repr": "Steven Spielberg (892745040)", "object_id": "8", "change_message": "", "user": 1, "content_type": 8}}, {"pk": 15, "model": "admin.logentry", "fields": {"action_flag": 1, "action_time": "2014-07-24T14:36:46.904Z", "object_repr": "Jennifer Lawrence (839475749)", "object_id": "9", "change_message": "", "user": 1, "content_type": 8}}, {"pk": 16, "model": "admin.logentry", "fields": {"action_flag": 1, "action_time": "2014-07-24T14:37:44.480Z", "object_repr": "Bon Jovi (489373458)", "object_id": "10", "change_message": "", "user": 1, "content_type": 8}}, {"pk": 17, "model": "admin.logentry", "fields": {"action_flag": 1, "action_time": "2014-07-24T14:39:00.369Z", "object_repr": "Bruno Mars (357532099)", "object_id": "11", "change_message": "", "user": 1, "content_type": 8}}, {"pk": 18, "model": "admin.logentry", "fields": {"action_flag": 1, "action_time": "2014-07-24T14:39:37.234Z", "object_repr": "Kobe Bryant (999383485)", "object_id": "12", "change_message": "", "user": 1, "content_type": 8}}, {"pk": 19, "model": "admin.logentry", "fields": {"action_flag": 1, "action_time": "2014-07-24T14:40:24.859Z", "object_repr": "Miley Cyrus (884758403)", "object_id": "13", "change_message": "", "user": 1, "content_type": 8}}, {"pk": 20, "model": "admin.logentry", "fields": {"action_flag": 1, "action_time": "2014-07-24T14:41:39.426Z", "object_repr": "Wednesday: 11:00am - 12:00pm", "object_id": "3", "change_message": "", "user": 1, "content_type": 16}}, {"pk": 21, "model": "admin.logentry", "fields": {"action_flag": 1, "action_time": "2014-07-24T14:41:46.878Z", "object_repr": "Friday: 11:00am - 12:00pm", "object_id": "4", "change_message": "", "user": 1, "content_type": 16}}, {"pk": 22, "model": "admin.logentry", "fields": {"action_flag": 1, "action_time": "2014-07-24T14:42:11.521Z", "object_repr": "Tuesday: 11:00am - 12:00pm", "object_id": "5", "change_message": "", "user": 1, "content_type": 16}}, {"pk": 23, "model": "admin.logentry", "fields": {"action_flag": 1, "action_time": "2014-07-24T14:42:31.100Z", "object_repr": "Friday: 2:00 - 4:00pm", "object_id": "6", "change_message": "", "user": 1, "content_type": 16}}, {"pk": 24, "model": "admin.logentry", "fields": {"action_flag": 2, "action_time": "2014-07-24T14:42:45.831Z", "object_repr": "Friday: 2:00pm - 4:00pm", "object_id": "6", "change_message": "Changed time.", "user": 1, "content_type": 16}}, {"pk": 25, "model": "admin.logentry", "fields": {"action_flag": 1, "action_time": "2014-07-24T14:43:37.763Z", "object_repr": "Kanye West (444939384)", "object_id": "1", "change_message": "", "user": 1, "content_type": 18}}, {"pk": 26, "model": "admin.logentry", "fields": {"action_flag": 1, "action_time": "2014-07-24T14:44:21.167Z", "object_repr": "Paul McCartney (948398439)", "object_id": "2", "change_message": "", "user": 1, "content_type": 18}}, {"pk": 27, "model": "admin.logentry", "fields": {"action_flag": 1, "action_time": "2014-07-24T14:45:04.931Z", "object_repr": "Justin Timberlake (192838475)", "object_id": "3", "change_message": "", "user": 1, "content_type": 18}}, {"pk": 28, "model": "admin.logentry", "fields": {"action_flag": 1, "action_time": "2014-07-24T14:45:51.768Z", "object_repr": "Bruce Springsteen (834792375)", "object_id": "4", "change_message": "", "user": 1, "content_type": 18}}, {"pk": 29, "model": "admin.logentry", "fields": {"action_flag": 1, "action_time": "2014-07-24T14:46:28.377Z", "object_repr": "Jennifer Lopez (892489587)", "object_id": "5", "change_message": "", "user": 1, "content_type": 18}}, {"pk": 30, "model": "admin.logentry", "fields": {"action_flag": 1, "action_time": "2014-07-24T14:47:12.682Z", "object_repr": "Kanye West (444939384)", "object_id": "1", "change_message": "", "user": 1, "content_type": 19}}, {"pk": 31, "model": "admin.logentry", "fields": {"action_flag": 1, "action_time": "2014-07-24T14:47:39.257Z", "object_repr": "Paul McCartney (948398439)", "object_id": "2", "change_message": "", "user": 1, "content_type": 19}}, {"pk": 32, "model": "admin.logentry", "fields": {"action_flag": 1, "action_time": "2014-07-24T14:49:18.236Z", "object_repr": "Miley Cyrus (884758403)", "object_id": "6", "change_message": "", "user": 1, "content_type": 18}}, {"pk": 33, "model": "admin.logentry", "fields": {"action_flag": 1, "action_time": "2014-07-24T14:49:57.935Z", "object_repr": "Miley Cyrus (884758403)", "object_id": "1", "change_message": "", "user": 1, "content_type": 12}}, {"pk": 34, "model": "admin.logentry", "fields": {"action_flag": 1, "action_time": "2014-07-24T14:51:01.588Z", "object_repr": "Building 100 room 1A", "object_id": "1", "change_message": "", "user": 1, "content_type": 14}}, {"pk": 35, "model": "admin.logentry", "fields": {"action_flag": 1, "action_time": "2014-07-24T14:51:31.827Z", "object_repr": "Building 100 room 1B", "object_id": "2", "change_message": "", "user": 1, "content_type": 14}}, {"pk": 36, "model": "admin.logentry", "fields": {"action_flag": 1, "action_time": "2014-07-24T15:00:09.244Z", "object_repr": "Building 101 room 1", "object_id": "3", "change_message": "", "user": 1, "content_type": 14}}, {"pk": 37, "model": "admin.logentry", "fields": {"action_flag": 1, "action_time": "2014-07-24T15:13:38.980Z", "object_repr": "CS Computer Science", "object_id": "1", "change_message": "", "user": 1, "content_type": 13}}, {"pk": 38, "model": "admin.logentry", "fields": {"action_flag": 2, "action_time": "2014-07-24T15:15:45.143Z", "object_repr": "CS Computer Science", "object_id": "1", "change_message": "Changed faculty_member.", "user": 1, "content_type": 13}}, {"pk": 39, "model": "admin.logentry", "fields": {"action_flag": 2, "action_time": "2014-07-24T15:15:51.768Z", "object_repr": "CS Computer Science", "object_id": "1", "change_message": "Changed faculty_member.", "user": 1, "content_type": 13}}, {"pk": 40, "model": "admin.logentry", "fields": {"action_flag": 2, "action_time": "2014-07-24T15:17:31.944Z", "object_repr": "CS - Computer Science", "object_id": "1", "change_message": "Changed faculty_members.", "user": 1, "content_type": 13}}, {"pk": 41, "model": "admin.logentry", "fields": {"action_flag": 2, "action_time": "2014-07-24T15:18:14.058Z", "object_repr": "CS - Computer Science", "object_id": "1", "change_message": "Changed faculty.", "user": 1, "content_type": 13}}, {"pk": 42, "model": "admin.logentry", "fields": {"action_flag": 2, "action_time": "2014-07-24T15:18:47.404Z", "object_repr": "CS - Computer Science", "object_id": "1", "change_message": "Changed budget.", "user": 1, "content_type": 13}}, {"pk": 43, "model": "admin.logentry", "fields": {"action_flag": 2, "action_time": "2014-07-24T15:20:13.637Z", "object_repr": "CS - Computer Science", "object_id": "1", "change_message": "No fields changed.", "user": 1, "content_type": 13}}, {"pk": 44, "model": "admin.logentry", "fields": {"action_flag": 1, "action_time": "2014-07-24T15:21:06.763Z", "object_repr": "EE - Electrical Engineering", "object_id": "2", "change_message": "", "user": 1, "content_type": 13}}, {"pk": 45, "model": "admin.logentry", "fields": {"action_flag": 1, "action_time": "2014-07-24T15:24:59.493Z", "object_repr": "CS 631 - Database Nirvana (6 credits)", "object_id": "1", "change_message": "", "user": 1, "content_type": 15}}, {"pk": 46, "model": "admin.logentry", "fields": {"action_flag": 1, "action_time": "2014-07-24T15:26:30.349Z", "object_repr": "EE 110 - Analog Circuits (3 credits)", "object_id": "2", "change_message": "", "user": 1, "content_type": 15}}, {"pk": 47, "model": "admin.logentry", "fields": {"action_flag": 1, "action_time": "2014-07-24T15:29:24.114Z", "object_repr": "CS 631-1", "object_id": "1", "change_message": "", "user": 1, "content_type": 17}}, {"pk": 48, "model": "admin.logentry", "fields": {"action_flag": 2, "action_time": "2014-07-24T15:32:33.299Z", "object_repr": "EE - Electrical Engineering", "object_id": "2", "change_message": "No fields changed.", "user": 1, "content_type": 13}}, {"pk": 49, "model": "admin.logentry", "fields": {"action_flag": 2, "action_time": "2014-07-24T15:33:39.431Z", "object_repr": "CS 631 - Database Nirvana (6 credits)", "object_id": "1", "change_message": "Changed ta_requirement.", "user": 1, "content_type": 15}}, {"pk": 50, "model": "admin.logentry", "fields": {"action_flag": 2, "action_time": "2014-07-24T15:34:09.923Z", "object_repr": "CS 631 - Section: 1", "object_id": "1", "change_message": "No fields changed.", "user": 1, "content_type": 17}}, {"pk": 51, "model": "admin.logentry", "fields": {"action_flag": 1, "action_time": "2014-07-24T17:12:49.447Z", "object_repr": "Sandra Bullock (775949458)", "object_id": "14", "change_message": "", "user": 1, "content_type": 8}}, {"pk": 52, "model": "admin.logentry", "fields": {"action_flag": 1, "action_time": "2014-07-24T17:13:25.291Z", "object_repr": "Justin Bieber (883938585)", "object_id": "15", "change_message": "", "user": 1, "content_type": 8}}, {"pk": 53, "model": "admin.logentry", "fields": {"action_flag": 1, "action_time": "2014-07-24T17:15:37.178Z", "object_repr": "Ryan Seacrest (892223394)", "object_id": "16", "change_message": "", "user": 1, "content_type": 8}}, {"pk": 54, "model": "admin.logentry", "fields": {"action_flag": 1, "action_time": "2014-07-24T17:16:14.562Z", "object_repr": "Peyton Manning (910191221)", "object_id": "17", "change_message": "", "user": 1, "content_type": 8}}, {"pk": 55, "model": "admin.logentry", "fields": {"action_flag": 1, "action_time": "2014-07-24T17:16:47.309Z", "object_repr": "Glenn Beck (883737373)", "object_id": "18", "change_message": "", "user": 1, "content_type": 8}}, {"pk": 56, "model": "admin.logentry", "fields": {"action_flag": 1, "action_time": "2014-07-24T17:17:43.947Z", "object_repr": "Sean Combs (383744455)", "object_id": "19", "change_message": "", "user": 1, "content_type": 8}}, {"pk": 57, "model": "admin.logentry", "fields": {"action_flag": 1, "action_time": "2014-07-24T17:18:41.235Z", "object_repr": "Tiger Woods (222334455)", "object_id": "20", "change_message": "", "user": 1, "content_type": 8}}, {"pk": 58, "model": "admin.logentry", "fields": {"action_flag": 1, "action_time": "2014-07-24T17:19:49.420Z", "object_repr": "Jimmy Fallon (333544333)", "object_id": "21", "change_message": "", "user": 1, "content_type": 8}}, {"pk": 59, "model": "admin.logentry", "fields": {"action_flag": 1, "action_time": "2014-07-24T17:20:22.607Z", "object_repr": "Bradley Cooper (393939484)", "object_id": "22", "change_message": "", "user": 1, "content_type": 8}}, {"pk": 60, "model": "admin.logentry", "fields": {"action_flag": 1, "action_time": "2014-07-24T17:20:51.903Z", "object_repr": "Toby Keith (28299484)", "object_id": "23", "change_message": "", "user": 1, "content_type": 8}}, {"pk": 61, "model": "admin.logentry", "fields": {"action_flag": 1, "action_time": "2014-07-24T17:26:23.223Z", "object_repr": "Leonardo DiCaprio (332039209)", "object_id": "24", "change_message": "", "user": 1, "content_type": 8}}, {"pk": 62, "model": "admin.logentry", "fields": {"action_flag": 1, "action_time": "2014-07-24T17:27:01.338Z", "object_repr": "Matthew McConaughey (332223322)", "object_id": "25", "change_message": "", "user": 1, "content_type": 8}}, {"pk": 63, "model": "admin.logentry", "fields": {"action_flag": 1, "action_time": "2014-07-24T17:27:30.639Z", "object_repr": "Sofia Vergara (111111111)", "object_id": "26", "change_message": "", "user": 1, "content_type": 8}}, {"pk": 64, "model": "admin.logentry", "fields": {"action_flag": 1, "action_time": "2014-07-24T17:27:59.704Z", "object_repr": "Dwayne Wade (222222222)", "object_id": "27", "change_message": "", "user": 1, "content_type": 8}}, {"pk": 65, "model": "admin.logentry", "fields": {"action_flag": 1, "action_time": "2014-07-24T17:28:39.753Z", "object_repr": "Gisele Bundchen (393028940)", "object_id": "28", "change_message": "", "user": 1, "content_type": 8}}, {"pk": 66, "model": "admin.logentry", "fields": {"action_flag": 1, "action_time": "2014-07-24T17:29:33.248Z", "object_repr": "Jon Stewart (453059304)", "object_id": "29", "change_message": "", "user": 1, "content_type": 8}}, {"pk": 67, "model": "admin.logentry", "fields": {"action_flag": 1, "action_time": "2014-07-24T17:29:58.647Z", "object_repr": "Rush Limbaugh (3i3409430)", "object_id": "30", "change_message": "", "user": 1, "content_type": 8}}, {"pk": 68, "model": "admin.logentry", "fields": {"action_flag": 1, "action_time": "2014-07-24T17:30:34.146Z", "object_repr": "Mark Wahlberg (430800001)", "object_id": "31", "change_message": "", "user": 1, "content_type": 8}}, {"pk": 69, "model": "admin.logentry", "fields": {"action_flag": 2, "action_time": "2014-07-24T17:30:41.047Z", "object_repr": "Rush Limbaugh (313409430)", "object_id": "30", "change_message": "Changed ssn.", "user": 1, "content_type": 8}}, {"pk": 70, "model": "admin.logentry", "fields": {"action_flag": 1, "action_time": "2014-07-24T17:31:25.387Z", "object_repr": "Howard Stern (992828889)", "object_id": "7", "change_message": "", "user": 1, "content_type": 18}}, {"pk": 71, "model": "admin.logentry", "fields": {"action_flag": 1, "action_time": "2014-07-24T17:31:51.181Z", "object_repr": "Hugh Jackman (222229393)", "object_id": "8", "change_message": "", "user": 1, "content_type": 18}}, {"pk": 72, "model": "admin.logentry", "fields": {"action_flag": 1, "action_time": "2014-07-24T17:40:59.150Z", "object_repr": "Ashton Kutcher (334435399)", "object_id": "9", "change_message": "", "user": 1, "content_type": 18}}, {"pk": 73, "model": "admin.logentry", "fields": {"action_flag": 1, "action_time": "2014-07-24T17:41:37.892Z", "object_repr": "Vin Diesel (393483939)", "object_id": "10", "change_message": "", "user": 1, "content_type": 18}}, {"pk": 74, "model": "admin.logentry", "fields": {"action_flag": 1, "action_time": "2014-07-24T17:42:30.627Z", "object_repr": "Ben Affleck (220202020)", "object_id": "11", "change_message": "", "user": 1, "content_type": 18}}, {"pk": 75, "model": "admin.logentry", "fields": {"action_flag": 1, "action_time": "2014-07-24T17:42:56.256Z", "object_repr": "Ben Affleck (220202020)", "object_id": "32", "change_message": "", "user": 1, "content_type": 8}}, {"pk": 76, "model": "admin.logentry", "fields": {"action_flag": 1, "action_time": "2014-07-24T17:43:29.313Z", "object_repr": "Ben Affleck (220202020)", "object_id": "2", "change_message": "", "user": 1, "content_type": 12}}, {"pk": 77, "model": "admin.logentry", "fields": {"action_flag": 2, "action_time": "2014-07-24T17:43:42.216Z", "object_repr": "Ben Affleck (220202020)", "object_id": "2", "change_message": "Changed status.", "user": 1, "content_type": 12}}, {"pk": 78, "model": "admin.logentry", "fields": {"action_flag": 1, "action_time": "2014-07-24T17:44:34.071Z", "object_repr": "Vin Diesel (393483939)", "object_id": "3", "change_message": "", "user": 1, "content_type": 19}}, {"pk": 79, "model": "admin.logentry", "fields": {"action_flag": 1, "action_time": "2014-07-24T17:44:43.464Z", "object_repr": "Ashton Kutcher (334435399)", "object_id": "4", "change_message": "", "user": 1, "content_type": 19}}, {"pk": 80, "model": "admin.logentry", "fields": {"action_flag": 1, "action_time": "2014-07-24T17:45:02.666Z", "object_repr": "Hugh Jackman (222229393)", "object_id": "5", "change_message": "", "user": 1, "content_type": 19}}, {"pk": 81, "model": "admin.logentry", "fields": {"action_flag": 1, "action_time": "2014-07-24T17:45:10.816Z", "object_repr": "Howard Stern (992828889)", "object_id": "6", "change_message": "", "user": 1, "content_type": 19}}, {"pk": 82, "model": "admin.logentry", "fields": {"action_flag": 1, "action_time": "2014-07-24T17:45:18.004Z", "object_repr": "Miley Cyrus (884758403)", "object_id": "7", "change_message": "", "user": 1, "content_type": 19}}, {"pk": 83, "model": "admin.logentry", "fields": {"action_flag": 2, "action_time": "2014-07-24T17:45:56.001Z", "object_repr": "CS - Computer Science", "object_id": "1", "change_message": "Changed faculty.", "user": 1, "content_type": 13}}, {"pk": 84, "model": "admin.logentry", "fields": {"action_flag": 1, "action_time": "2014-07-24T17:46:57.959Z", "object_repr": "Building 101, Room 2", "object_id": "4", "change_message": "", "user": 1, "content_type": 14}}, {"pk": 85, "model": "admin.logentry", "fields": {"action_flag": 1, "action_time": "2014-07-24T17:47:41.330Z", "object_repr": "MU - Music", "object_id": "3", "change_message": "", "user": 1, "content_type": 13}}, {"pk": 86, "model": "admin.logentry", "fields": {"action_flag": 1, "action_time": "2014-07-24T17:48:28.181Z", "object_repr": "Building 101, Room 2", "object_id": "5", "change_message": "", "user": 1, "content_type": 14}}, {"pk": 87, "model": "admin.logentry", "fields": {"action_flag": 1, "action_time": "2014-07-24T17:48:45.435Z", "object_repr": "FA - Fine Arts", "object_id": "4", "change_message": "", "user": 1, "content_type": 13}}, {"pk": 88, "model": "admin.logentry", "fields": {"action_flag": 1, "action_time": "2014-07-24T17:49:34.765Z", "object_repr": "Building 101, Room 4", "object_id": "6", "change_message": "", "user": 1, "content_type": 14}}, {"pk": 89, "model": "admin.logentry", "fields": {"action_flag": 1, "action_time": "2014-07-24T17:49:49.437Z", "object_repr": "ME - Mechanical Engineering", "object_id": "5", "change_message": "", "user": 1, "content_type": 13}}, {"pk": 90, "model": "admin.logentry", "fields": {"action_flag": 2, "action_time": "2014-07-24T18:02:59.635Z", "object_repr": "Dwayne Wade (222222222)", "object_id": "27", "change_message": "Changed major.", "user": 1, "content_type": 8}}, {"pk": 91, "model": "admin.logentry", "fields": {"action_flag": 2, "action_time": "2014-07-24T18:03:06.787Z", "object_repr": "Ben Affleck (220202020)", "object_id": "32", "change_message": "Changed major.", "user": 1, "content_type": 8}}, {"pk": 92, "model": "admin.logentry", "fields": {"action_flag": 2, "action_time": "2014-07-24T18:03:13.884Z", "object_repr": "Mark Wahlberg (430800001)", "object_id": "31", "change_message": "Changed major.", "user": 1, "content_type": 8}}, {"pk": 93, "model": "admin.logentry", "fields": {"action_flag": 2, "action_time": "2014-07-24T18:03:27.140Z", "object_repr": "Rush Limbaugh (313409430)", "object_id": "30", "change_message": "Changed major.", "user": 1, "content_type": 8}}, {"pk": 94, "model": "admin.logentry", "fields": {"action_flag": 2, "action_time": "2014-07-24T18:03:35.170Z", "object_repr": "Jon Stewart (453059304)", "object_id": "29", "change_message": "Changed major.", "user": 1, "content_type": 8}}, {"pk": 95, "model": "admin.logentry", "fields": {"action_flag": 2, "action_time": "2014-07-24T18:03:41.683Z", "object_repr": "Gisele Bundchen (393028940)", "object_id": "28", "change_message": "Changed major.", "user": 1, "content_type": 8}}, {"pk": 96, "model": "admin.logentry", "fields": {"action_flag": 2, "action_time": "2014-07-24T18:03:47.759Z", "object_repr": "Dwayne Wade (222222222)", "object_id": "27", "change_message": "No fields changed.", "user": 1, "content_type": 8}}, {"pk": 97, "model": "admin.logentry", "fields": {"action_flag": 2, "action_time": "2014-07-24T18:03:53.391Z", "object_repr": "Sofia Vergara (111111111)", "object_id": "26", "change_message": "Changed major.", "user": 1, "content_type": 8}}, {"pk": 98, "model": "admin.logentry", "fields": {"action_flag": 2, "action_time": "2014-07-24T18:03:58.232Z", "object_repr": "Matthew McConaughey (332223322)", "object_id": "25", "change_message": "Changed major.", "user": 1, "content_type": 8}}, {"pk": 99, "model": "admin.logentry", "fields": {"action_flag": 2, "action_time": "2014-07-24T18:04:05.125Z", "object_repr": "Leonardo DiCaprio (332039209)", "object_id": "24", "change_message": "Changed major.", "user": 1, "content_type": 8}}, {"pk": 100, "model": "admin.logentry", "fields": {"action_flag": 2, "action_time": "2014-07-24T18:04:14.212Z", "object_repr": "Toby Keith (28299484)", "object_id": "23", "change_message": "Changed major.", "user": 1, "content_type": 8}}, {"pk": 101, "model": "admin.logentry", "fields": {"action_flag": 2, "action_time": "2014-07-24T18:04:20.977Z", "object_repr": "Bradley Cooper (393939484)", "object_id": "22", "change_message": "Changed major.", "user": 1, "content_type": 8}}, {"pk": 102, "model": "admin.logentry", "fields": {"action_flag": 2, "action_time": "2014-07-24T18:04:26.459Z", "object_repr": "Jimmy Fallon (333544333)", "object_id": "21", "change_message": "Changed major.", "user": 1, "content_type": 8}}, {"pk": 103, "model": "admin.logentry", "fields": {"action_flag": 2, "action_time": "2014-07-24T18:04:32.384Z", "object_repr": "Jimmy Fallon (333544333)", "object_id": "21", "change_message": "No fields changed.", "user": 1, "content_type": 8}}, {"pk": 104, "model": "admin.logentry", "fields": {"action_flag": 2, "action_time": "2014-07-24T18:04:37.901Z", "object_repr": "Tiger Woods (222334455)", "object_id": "20", "change_message": "Changed major.", "user": 1, "content_type": 8}}, {"pk": 105, "model": "admin.logentry", "fields": {"action_flag": 2, "action_time": "2014-07-24T18:04:43.865Z", "object_repr": "Sean Combs (383744455)", "object_id": "19", "change_message": "Changed major.", "user": 1, "content_type": 8}}, {"pk": 106, "model": "admin.logentry", "fields": {"action_flag": 2, "action_time": "2014-07-24T18:04:49.987Z", "object_repr": "Glenn Beck (883737373)", "object_id": "18", "change_message": "Changed major.", "user": 1, "content_type": 8}}, {"pk": 107, "model": "admin.logentry", "fields": {"action_flag": 2, "action_time": "2014-07-24T18:04:56.909Z", "object_repr": "Peyton Manning (910191221)", "object_id": "17", "change_message": "Changed major.", "user": 1, "content_type": 8}}, {"pk": 108, "model": "admin.logentry", "fields": {"action_flag": 2, "action_time": "2014-07-24T18:05:04.709Z", "object_repr": "Ryan Seacrest (892223394)", "object_id": "16", "change_message": "Changed major.", "user": 1, "content_type": 8}}, {"pk": 109, "model": "admin.logentry", "fields": {"action_flag": 2, "action_time": "2014-07-24T18:05:16Z", "object_repr": "Justin Bieber (883938585)", "object_id": "15", "change_message": "Changed major.", "user": 1, "content_type": 8}}, {"pk": 110, "model": "admin.logentry", "fields": {"action_flag": 2, "action_time": "2014-07-24T18:05:35.601Z", "object_repr": "Sandra Bullock (775949458)", "object_id": "14", "change_message": "Changed major.", "user": 1, "content_type": 8}}, {"pk": 111, "model": "admin.logentry", "fields": {"action_flag": 2, "action_time": "2014-07-24T18:05:42.648Z", "object_repr": "Miley Cyrus (884758403)", "object_id": "13", "change_message": "Changed major.", "user": 1, "content_type": 8}}, {"pk": 112, "model": "admin.logentry", "fields": {"action_flag": 2, "action_time": "2014-07-24T18:05:55.215Z", "object_repr": "Kobe Bryant (999383485)", "object_id": "12", "change_message": "Changed major.", "user": 1, "content_type": 8}}, {"pk": 113, "model": "admin.logentry", "fields": {"action_flag": 2, "action_time": "2014-07-24T18:06:07.512Z", "object_repr": "Bruno Mars (357532099)", "object_id": "11", "change_message": "Changed major.", "user": 1, "content_type": 8}}, {"pk": 114, "model": "admin.logentry", "fields": {"action_flag": 2, "action_time": "2014-07-24T18:06:21.411Z", "object_repr": "Bon Jovi (489373458)", "object_id": "10", "change_message": "Changed major.", "user": 1, "content_type": 8}}, {"pk": 115, "model": "admin.logentry", "fields": {"action_flag": 2, "action_time": "2014-07-24T18:06:28.613Z", "object_repr": "Jennifer Lawrence (839475749)", "object_id": "9", "change_message": "Changed major.", "user": 1, "content_type": 8}}, {"pk": 116, "model": "admin.logentry", "fields": {"action_flag": 2, "action_time": "2014-07-24T18:06:35.859Z", "object_repr": "Jennifer Lawrence (839475749)", "object_id": "9", "change_message": "No fields changed.", "user": 1, "content_type": 8}}, {"pk": 117, "model": "admin.logentry", "fields": {"action_flag": 2, "action_time": "2014-07-24T18:06:45.645Z", "object_repr": "Steven Spielberg (892745040)", "object_id": "8", "change_message": "Changed major.", "user": 1, "content_type": 8}}, {"pk": 118, "model": "admin.logentry", "fields": {"action_flag": 2, "action_time": "2014-07-24T18:06:51.560Z", "object_repr": "Ellen DeGeneres (673920385)", "object_id": "7", "change_message": "Changed major.", "user": 1, "content_type": 8}}, {"pk": 119, "model": "admin.logentry", "fields": {"action_flag": 2, "action_time": "2014-07-24T18:06:57.750Z", "object_repr": "Robert Downey (567294750)", "object_id": "6", "change_message": "Changed major.", "user": 1, "content_type": 8}}, {"pk": 120, "model": "admin.logentry", "fields": {"action_flag": 2, "action_time": "2014-07-24T18:07:05.024Z", "object_repr": "Katy Perry (567890123)", "object_id": "5", "change_message": "Changed major.", "user": 1, "content_type": 8}}, {"pk": 121, "model": "admin.logentry", "fields": {"action_flag": 2, "action_time": "2014-07-24T18:07:11.265Z", "object_repr": "Floyd Mayweather (456789000)", "object_id": "4", "change_message": "Changed major.", "user": 1, "content_type": 8}}, {"pk": 122, "model": "admin.logentry", "fields": {"action_flag": 2, "action_time": "2014-07-24T18:07:16.971Z", "object_repr": "Oprah Winfrey (345678900)", "object_id": "3", "change_message": "Changed major.", "user": 1, "content_type": 8}}, {"pk": 123, "model": "admin.logentry", "fields": {"action_flag": 2, "action_time": "2014-07-24T18:07:22.341Z", "object_repr": "LeBron James (234567890)", "object_id": "2", "change_message": "Changed major.", "user": 1, "content_type": 8}}, {"pk": 124, "model": "admin.logentry", "fields": {"action_flag": 2, "action_time": "2014-07-24T18:07:30.350Z", "object_repr": "Beyonce Knowles (123456789)", "object_id": "1", "change_message": "Changed major.", "user": 1, "content_type": 8}}, {"pk": 125, "model": "admin.logentry", "fields": {"action_flag": 1, "action_time": "2014-07-24T18:08:12.160Z", "object_repr": "MU 101 - Music Appreciation (3 credits)", "object_id": "3", "change_message": "", "user": 1, "content_type": 15}}, {"pk": 126, "model": "admin.logentry", "fields": {"action_flag": 1, "action_time": "2014-07-24T18:08:38.802Z", "object_repr": "FA 200 - Painting (3 credits)", "object_id": "4", "change_message": "", "user": 1, "content_type": 15}}, {"pk": 127, "model": "admin.logentry", "fields": {"action_flag": 1, "action_time": "2014-07-24T18:09:04.179Z", "object_repr": "ME 400 - Electronics (3 credits)", "object_id": "5", "change_message": "", "user": 1, "content_type": 15}}, {"pk": 128, "model": "admin.logentry", "fields": {"action_flag": 1, "action_time": "2014-07-24T18:10:39.937Z", "object_repr": "CS 631 - Section: 2", "object_id": "2", "change_message": "", "user": 1, "content_type": 17}}, {"pk": 129, "model": "admin.logentry", "fields": {"action_flag": 2, "action_time": "2014-07-24T18:12:03.314Z", "object_repr": "CS 631 - Section: 2", "object_id": "2", "change_message": "No fields changed.", "user": 1, "content_type": 17}}, {"pk": 130, "model": "admin.logentry", "fields": {"action_flag": 2, "action_time": "2014-07-24T18:12:19.742Z", "object_repr": "CS 631 - Section: 2", "object_id": "2", "change_message": "No fields changed.", "user": 1, "content_type": 17}}, {"pk": 131, "model": "admin.logentry", "fields": {"action_flag": 2, "action_time": "2014-07-24T18:12:32.633Z", "object_repr": "CS 631 - Section: 2", "object_id": "2", "change_message": "No fields changed.", "user": 1, "content_type": 17}}, {"pk": 132, "model": "admin.logentry", "fields": {"action_flag": 2, "action_time": "2014-07-24T18:12:40.513Z", "object_repr": "CS 631 - Section: 2", "object_id": "2", "change_message": "No fields changed.", "user": 1, "content_type": 17}}, {"pk": 133, "model": "admin.logentry", "fields": {"action_flag": 2, "action_time": "2014-07-24T18:13:03.886Z", "object_repr": "CS 631 - Section: 2", "object_id": "2", "change_message": "No fields changed.", "user": 1, "content_type": 17}}, {"pk": 134, "model": "admin.logentry", "fields": {"action_flag": 3, "action_time": "2014-07-24T18:24:16.366Z", "object_repr": "CS 631 - Section: 2", "object_id": "2", "change_message": "", "user": 1, "content_type": 17}}, {"pk": 135, "model": "admin.logentry", "fields": {"action_flag": 1, "action_time": "2014-07-24T22:28:51.493Z", "object_repr": "CS 631 - Section: 2", "object_id": "2", "change_message": "", "user": 1, "content_type": 17}}, {"pk": 136, "model": "admin.logentry", "fields": {"action_flag": 1, "action_time": "2014-07-24T22:29:41.641Z", "object_repr": "EE 110 - Section: 1", "object_id": "3", "change_message": "", "user": 1, "content_type": 17}}, {"pk": 137, "model": "admin.logentry", "fields": {"action_flag": 1, "action_time": "2014-07-24T22:30:29.608Z", "object_repr": "MU 101 - Section: 1", "object_id": "4", "change_message": "", "user": 1, "content_type": 17}}, {"pk": 138, "model": "admin.logentry", "fields": {"action_flag": 1, "action_time": "2014-07-24T22:31:41.974Z", "object_repr": "FA 200 - Section: 1", "object_id": "5", "change_message": "", "user": 1, "content_type": 17}}, {"pk": 139, "model": "admin.logentry", "fields": {"action_flag": 1, "action_time": "2014-07-24T22:32:22.754Z", "object_repr": "ME 400 - Section: 1", "object_id": "6", "change_message": "", "user": 1, "content_type": 17}}, {"pk": 140, "model": "admin.logentry", "fields": {"action_flag": 2, "action_time": "2014-07-24T22:40:31.761Z", "object_repr": "admin", "object_id": "2", "change_message": "No fields changed.", "user": 1, "content_type": 4}}, {"pk": 141, "model": "admin.logentry", "fields": {"action_flag": 1, "action_time": "2014-07-24T22:40:53.738Z", "object_repr": "student", "object_id": "3", "change_message": "", "user": 1, "content_type": 4}}, {"pk": 142, "model": "admin.logentry", "fields": {"action_flag": 2, "action_time": "2014-07-24T22:42:45.392Z", "object_repr": "student", "object_id": "3", "change_message": "Changed user_permissions.", "user": 1, "content_type": 4}}, {"pk": 143, "model": "admin.logentry", "fields": {"action_flag": 1, "action_time": "2014-07-25T19:59:31.695Z", "object_repr": "Students", "object_id": "1", "change_message": "", "user": 1, "content_type": 3}}, {"pk": 144, "model": "admin.logentry", "fields": {"action_flag": 3, "action_time": "2014-07-25T20:00:12.098Z", "object_repr": "student", "object_id": "3", "change_message": "", "user": 1, "content_type": 4}}, {"pk": 145, "model": "admin.logentry", "fields": {"action_flag": 1, "action_time": "2014-07-25T20:00:38.714Z", "object_repr": "student1", "object_id": "3", "change_message": "", "user": 1, "content_type": 4}}, {"pk": 146, "model": "admin.logentry", "fields": {"action_flag": 2, "action_time": "2014-07-25T20:01:58.162Z", "object_repr": "student1", "object_id": "3", "change_message": "Changed groups.", "user": 1, "content_type": 4}}, {"pk": 147, "model": "admin.logentry", "fields": {"action_flag": 2, "action_time": "2014-07-25T20:04:44.210Z", "object_repr": "student1", "object_id": "3", "change_message": "Changed password.", "user": 1, "content_type": 4}}, {"pk": 148, "model": "admin.logentry", "fields": {"action_flag": 2, "action_time": "2014-07-25T20:07:09.032Z", "object_repr": "student1", "object_id": "3", "change_message": "Changed is_staff.", "user": 1, "content_type": 4}}, {"pk": 149, "model": "admin.logentry", "fields": {"action_flag": 1, "action_time": "2014-07-25T21:23:50.619Z", "object_repr": "CS 656 - Networking (3 credits)", "object_id": "6", "change_message": "", "user": 1, "content_type": 15}}, {"pk": 150, "model": "admin.logentry", "fields": {"action_flag": 1, "action_time": "2014-07-25T21:24:40.969Z", "object_repr": "CS 608 - Cryptography and Security (3 credits)", "object_id": "7", "change_message": "", "user": 1, "content_type": 15}}, {"pk": 151, "model": "admin.logentry", "fields": {"action_flag": 1, "action_time": "2014-07-25T21:25:14.611Z", "object_repr": "CS 633 - Distributed Systems (3 credits)", "object_id": "8", "change_message": "", "user": 1, "content_type": 15}}, {"pk": 152, "model": "admin.logentry", "fields": {"action_flag": 1, "action_time": "2014-07-25T21:25:53.603Z", "object_repr": "CS 659 - Image Processing and Analysis (3 credits)", "object_id": "9", "change_message": "", "user": 1, "content_type": 15}}, {"pk": 153, "model": "admin.logentry", "fields": {"action_flag": 1, "action_time": "2014-07-25T23:49:57.376Z", "object_repr": "ME 616 - Matrix Methods in Mechanical Engineering (3 credits)", "object_id": "10", "change_message": "", "user": 1, "content_type": 15}}, {"pk": 154, "model": "admin.logentry", "fields": {"action_flag": 1, "action_time": "2014-07-25T23:50:19.534Z", "object_repr": "ME 610 - Applied Heat Transfer (3 credits)", "object_id": "11", "change_message": "", "user": 1, "content_type": 15}}, {"pk": 155, "model": "admin.logentry", "fields": {"action_flag": 1, "action_time": "2014-07-25T23:50:38.022Z", "object_repr": "ME 611 - Dynamics of Incompressible Fluids (3 credits)", "object_id": "12", "change_message": "", "user": 1, "content_type": 15}}, {"pk": 156, "model": "admin.logentry", "fields": {"action_flag": 1, "action_time": "2014-07-25T23:50:54.556Z", "object_repr": "ME 614 - Continuum Mechanics (3 credits)", "object_id": "13", "change_message": "", "user": 1, "content_type": 15}}, {"pk": 157, "model": "admin.logentry", "fields": {"action_flag": 1, "action_time": "2014-07-25T23:51:09.917Z", "object_repr": "ME 620 - Stress Methods in Mechanical Design (3 credits)", "object_id": "14", "change_message": "", "user": 1, "content_type": 15}}, {"pk": 158, "model": "admin.logentry", "fields": {"action_flag": 1, "action_time": "2014-07-25T23:51:28.123Z", "object_repr": "ME 632 - Mechanical Engineering Measurements (3 credits)", "object_id": "15", "change_message": "", "user": 1, "content_type": 15}}, {"pk": 159, "model": "admin.logentry", "fields": {"action_flag": 1, "action_time": "2014-07-25T23:51:46.889Z", "object_repr": "ME 635 - Computer-Aided Design (3 credits)", "object_id": "16", "change_message": "", "user": 1, "content_type": 15}}, {"pk": 160, "model": "admin.logentry", "fields": {"action_flag": 1, "action_time": "2014-07-25T23:52:45.131Z", "object_repr": "EE 601 - Linear Systems (3 credits)", "object_id": "17", "change_message": "", "user": 1, "content_type": 15}}, {"pk": 161, "model": "admin.logentry", "fields": {"action_flag": 1, "action_time": "2014-07-25T23:53:01.718Z", "object_repr": "EE 673 - Random Signal Analysis I (0 credits)", "object_id": "18", "change_message": "", "user": 1, "content_type": 15}}, {"pk": 162, "model": "admin.logentry", "fields": {"action_flag": 1, "action_time": "2014-07-25T23:53:18.836Z", "object_repr": "EE 620 - Electromagnetic Field Theory (3 credits)", "object_id": "19", "change_message": "", "user": 1, "content_type": 15}}, {"pk": 163, "model": "admin.logentry", "fields": {"action_flag": 1, "action_time": "2014-07-25T23:53:38.311Z", "object_repr": "EE 640 - Digital Signal Processing (3 credits)", "object_id": "20", "change_message": "", "user": 1, "content_type": 15}}, {"pk": 164, "model": "admin.logentry", "fields": {"action_flag": 1, "action_time": "2014-07-25T23:53:59.355Z", "object_repr": "EE 642 - Communication Systems I (3 credits)", "object_id": "21", "change_message": "", "user": 1, "content_type": 15}}, {"pk": 165, "model": "admin.logentry", "fields": {"action_flag": 1, "action_time": "2014-07-25T23:54:17.501Z", "object_repr": "EE 742 - Communication Systems II (3 credits)", "object_id": "22", "change_message": "", "user": 1, "content_type": 15}}, {"pk": 166, "model": "admin.logentry", "fields": {"action_flag": 1, "action_time": "2014-07-25T23:54:31.133Z", "object_repr": "EE 740 - Advanced Digital Signal Processing (3 credits)", "object_id": "23", "change_message": "", "user": 1, "content_type": 15}}, {"pk": 167, "model": "admin.logentry", "fields": {"action_flag": 1, "action_time": "2014-07-25T23:54:47.320Z", "object_repr": "EE 630 - Microwave Engineering (3 credits)", "object_id": "24", "change_message": "", "user": 1, "content_type": 15}}, {"pk": 168, "model": "admin.logentry", "fields": {"action_flag": 1, "action_time": "2014-07-25T23:55:02.997Z", "object_repr": "EE 632 - Antenna Theory (3 credits)", "object_id": "25", "change_message": "", "user": 1, "content_type": 15}}, {"pk": 169, "model": "admin.logentry", "fields": {"action_flag": 1, "action_time": "2014-07-25T23:56:05.962Z", "object_repr": "MU 349 - Advanced Music Technology (3 credits)", "object_id": "26", "change_message": "", "user": 1, "content_type": 15}}, {"pk": 170, "model": "admin.logentry", "fields": {"action_flag": 1, "action_time": "2014-07-25T23:57:47.752Z", "object_repr": "FA 111 - Communication in Art+Design: Traditional Media (3 credits)", "object_id": "27", "change_message": "", "user": 1, "content_type": 15}}, {"pk": 171, "model": "admin.logentry", "fields": {"action_flag": 1, "action_time": "2014-07-25T23:58:03.367Z", "object_repr": "FA 112 - Communication in Art+Design: Digital Media (3 credits)", "object_id": "28", "change_message": "", "user": 1, "content_type": 15}}, {"pk": 172, "model": "admin.logentry", "fields": {"action_flag": 1, "action_time": "2014-07-25T23:58:17.207Z", "object_repr": "FA 334 - Color Theory/Electronic Color (3 credits)", "object_id": "29", "change_message": "", "user": 1, "content_type": 15}}, {"pk": 173, "model": "admin.logentry", "fields": {"action_flag": 1, "action_time": "2014-07-25T23:58:33.613Z", "object_repr": "FA 161 - History of Art & Design I (3 credits)", "object_id": "30", "change_message": "", "user": 1, "content_type": 15}}, {"pk": 174, "model": "admin.logentry", "fields": {"action_flag": 1, "action_time": "2014-07-25T23:58:49.917Z", "object_repr": "FA 162 - History of Art & Design II (3 credits)", "object_id": "31", "change_message": "", "user": 1, "content_type": 15}}, {"pk": 175, "model": "admin.logentry", "fields": {"action_flag": 1, "action_time": "2014-07-25T23:59:29.108Z", "object_repr": "FA 150 - Color and Composition (3 credits)", "object_id": "32", "change_message": "", "user": 1, "content_type": 15}}, {"pk": 176, "model": "admin.logentry", "fields": {"action_flag": 1, "action_time": "2014-07-26T00:01:43.559Z", "object_repr": "Building 100, Room 2", "object_id": "7", "change_message": "", "user": 1, "content_type": 14}}, {"pk": 177, "model": "admin.logentry", "fields": {"action_flag": 1, "action_time": "2014-07-26T00:01:56Z", "object_repr": "MA - Math", "object_id": "6", "change_message": "", "user": 1, "content_type": 13}}, {"pk": 178, "model": "admin.logentry", "fields": {"action_flag": 1, "action_time": "2014-07-26T00:02:25.009Z", "object_repr": "MA 662 - Probability Distributions (3 credits)", "object_id": "33", "change_message": "", "user": 1, "content_type": 15}}, {"pk": 179, "model": "admin.logentry", "fields": {"action_flag": 1, "action_time": "2014-07-26T00:02:43.947Z", "object_repr": "MA 637 - Foundations of Mathematical Biology (3 credits)", "object_id": "34", "change_message": "", "user": 1, "content_type": 15}}, {"pk": 180, "model": "admin.logentry", "fields": {"action_flag": 1, "action_time": "2014-07-26T00:02:57.857Z", "object_repr": "MA 636 - Systems Computational Neuroscience (3 credits)", "object_id": "35", "change_message": "", "user": 1, "content_type": 15}}, {"pk": 181, "model": "admin.logentry", "fields": {"action_flag": 1, "action_time": "2014-07-26T00:03:12.210Z", "object_repr": "MU 635 - Analytical Computational Neuroscience (3 credits)", "object_id": "36", "change_message": "", "user": 1, "content_type": 15}}, {"pk": 182, "model": "admin.logentry", "fields": {"action_flag": 1, "action_time": "2014-07-26T00:03:53.315Z", "object_repr": "Building 100, Room 3", "object_id": "8", "change_message": "", "user": 1, "content_type": 14}}, {"pk": 183, "model": "admin.logentry", "fields": {"action_flag": 1, "action_time": "2014-07-26T00:04:05.687Z", "object_repr": "CHEM - Chemistry", "object_id": "7", "change_message": "", "user": 1, "content_type": 13}}, {"pk": 184, "model": "admin.logentry", "fields": {"action_flag": 1, "action_time": "2014-07-26T00:04:19.430Z", "object_repr": "CHEM 658 - Advanced Physical Chemistry (3 credits)", "object_id": "37", "change_message": "", "user": 1, "content_type": 15}}, {"pk": 185, "model": "admin.logentry", "fields": {"action_flag": 1, "action_time": "2014-07-26T00:04:34.031Z", "object_repr": "CHEM 673 - Biochemistry (3 credits)", "object_id": "38", "change_message": "", "user": 1, "content_type": 15}}, {"pk": 186, "model": "admin.logentry", "fields": {"action_flag": 1, "action_time": "2014-07-26T00:04:50.338Z", "object_repr": "CHEM 677 - Introduction to Medicinal Chemistry (3 credits)", "object_id": "39", "change_message": "", "user": 1, "content_type": 15}}, {"pk": 187, "model": "admin.logentry", "fields": {"action_flag": 1, "action_time": "2014-07-26T00:05:08.797Z", "object_repr": "MA 663 - Introduction to Biostatistics (3 credits)", "object_id": "40", "change_message": "", "user": 1, "content_type": 15}}, {"pk": 188, "model": "admin.logentry", "fields": {"action_flag": 1, "action_time": "2014-07-26T01:08:21.768Z", "object_repr": "Building 102, Room 1", "object_id": "9", "change_message": "", "user": 1, "content_type": 10}}, {"pk": 189, "model": "admin.logentry", "fields": {"action_flag": 1, "action_time": "2014-07-26T01:08:57.139Z", "object_repr": "CS 631 - Section: 3", "object_id": "7", "change_message": "", "user": 1, "content_type": 17}}, {"pk": 190, "model": "admin.logentry", "fields": {"action_flag": 1, "action_time": "2014-07-26T01:09:36.152Z", "object_repr": "EE 110 - Section: 1", "object_id": "8", "change_message": "", "user": 1, "content_type": 17}}, {"pk": 191, "model": "admin.logentry", "fields": {"action_flag": 1, "action_time": "2014-07-26T01:10:12.191Z", "object_repr": "EE 110 - Section: 2", "object_id": "9", "change_message": "", "user": 1, "content_type": 17}}, {"pk": 192, "model": "admin.logentry", "fields": {"action_flag": 1, "action_time": "2014-07-26T01:10:45.660Z", "object_repr": "MU 101 - Section: 2", "object_id": "10", "change_message": "", "user": 1, "content_type": 17}}, {"pk": 193, "model": "admin.logentry", "fields": {"action_flag": 1, "action_time": "2014-07-26T01:28:44.045Z", "object_repr": "Building 103, Room 1", "object_id": "10", "change_message": "", "user": 1, "content_type": 10}}, {"pk": 194, "model": "admin.logentry", "fields": {"action_flag": 1, "action_time": "2014-07-26T01:29:26.900Z", "object_repr": "FA 200 - Section: 1", "object_id": "11", "change_message": "", "user": 1, "content_type": 17}}, {"pk": 195, "model": "admin.logentry", "fields": {"action_flag": 1, "action_time": "2014-07-26T01:29:54.041Z", "object_repr": "FA 200 - Section: 2", "object_id": "12", "change_message": "", "user": 1, "content_type": 17}}, {"pk": 196, "model": "admin.logentry", "fields": {"action_flag": 1, "action_time": "2014-07-26T01:30:36.149Z", "object_repr": "ME 400 - Section: 1", "object_id": "13", "change_message": "", "user": 1, "content_type": 17}}, {"pk": 197, "model": "admin.logentry", "fields": {"action_flag": 1, "action_time": "2014-07-26T01:31:10.203Z", "object_repr": "ME 400 - Section: 2", "object_id": "14", "change_message": "", "user": 1, "content_type": 17}}, {"pk": 198, "model": "admin.logentry", "fields": {"action_flag": 1, "action_time": "2014-07-26T01:31:36.868Z", "object_repr": "Building 104, Room 1", "object_id": "11", "change_message": "", "user": 1, "content_type": 10}}, {"pk": 199, "model": "admin.logentry", "fields": {"action_flag": 1, "action_time": "2014-07-26T01:32:05.178Z", "object_repr": "CS 656 - Section: 1", "object_id": "15", "change_message": "", "user": 1, "content_type": 17}}, {"pk": 200, "model": "admin.logentry", "fields": {"action_flag": 1, "action_time": "2014-07-26T01:32:32.145Z", "object_repr": "CS 656 - Section: 2", "object_id": "16", "change_message": "", "user": 1, "content_type": 17}}, {"pk": 201, "model": "admin.logentry", "fields": {"action_flag": 1, "action_time": "2014-07-26T01:33:17.226Z", "object_repr": "Building 104, Room 2", "object_id": "12", "change_message": "", "user": 1, "content_type": 10}}, {"pk": 202, "model": "admin.logentry", "fields": {"action_flag": 1, "action_time": "2014-07-26T01:33:39.551Z", "object_repr": "CS 608 - Section: 1", "object_id": "17", "change_message": "", "user": 1, "content_type": 17}}, {"pk": 203, "model": "admin.logentry", "fields": {"action_flag": 1, "action_time": "2014-07-26T01:34:21.143Z", "object_repr": "CS 608 - Section: 2", "object_id": "18", "change_message": "", "user": 1, "content_type": 17}}, {"pk": 204, "model": "admin.logentry", "fields": {"action_flag": 1, "action_time": "2014-07-26T01:35:09.721Z", "object_repr": "Building 104, Room 3", "object_id": "13", "change_message": "", "user": 1, "content_type": 10}}, {"pk": 205, "model": "admin.logentry", "fields": {"action_flag": 1, "action_time": "2014-07-26T01:35:37.248Z", "object_repr": "CS 633 - Section: 1", "object_id": "19", "change_message": "", "user": 1, "content_type": 17}}, {"pk": 206, "model": "admin.logentry", "fields": {"action_flag": 1, "action_time": "2014-07-26T01:36:12.037Z", "object_repr": "CS 633 - Section: 2", "object_id": "20", "change_message": "", "user": 1, "content_type": 17}}, {"pk": 207, "model": "admin.logentry", "fields": {"action_flag": 1, "action_time": "2014-07-26T01:37:04.622Z", "object_repr": "CS 659 - Section: 1", "object_id": "21", "change_message": "", "user": 1, "content_type": 17}}, {"pk": 208, "model": "admin.logentry", "fields": {"action_flag": 1, "action_time": "2014-07-26T01:37:42.214Z", "object_repr": "Building 104, Room 4", "object_id": "14", "change_message": "", "user": 1, "content_type": 10}}, {"pk": 209, "model": "admin.logentry", "fields": {"action_flag": 1, "action_time": "2014-07-26T01:38:34.719Z", "object_repr": "CS 659 - Section: 2", "object_id": "22", "change_message": "", "user": 1, "content_type": 17}}, {"pk": 210, "model": "admin.logentry", "fields": {"action_flag": 1, "action_time": "2014-07-26T01:39:15.187Z", "object_repr": "ME 616 - Section: 1", "object_id": "23", "change_message": "", "user": 1, "content_type": 17}}, {"pk": 211, "model": "admin.logentry", "fields": {"action_flag": 1, "action_time": "2014-07-26T01:39:39.836Z", "object_repr": "Building 104, Room 5", "object_id": "15", "change_message": "", "user": 1, "content_type": 10}}, {"pk": 212, "model": "admin.logentry", "fields": {"action_flag": 1, "action_time": "2014-07-26T01:40:09.820Z", "object_repr": "ME 616 - Section: 2", "object_id": "24", "change_message": "", "user": 1, "content_type": 17}}, {"pk": 213, "model": "admin.logentry", "fields": {"action_flag": 1, "action_time": "2014-07-26T01:41:00.824Z", "object_repr": "ME 610 - Section: 1", "object_id": "25", "change_message": "", "user": 1, "content_type": 17}}, {"pk": 214, "model": "admin.logentry", "fields": {"action_flag": 1, "action_time": "2014-07-26T01:41:47.338Z", "object_repr": "Building 104, Room 5", "object_id": "16", "change_message": "", "user": 1, "content_type": 10}}, {"pk": 215, "model": "admin.logentry", "fields": {"action_flag": 1, "action_time": "2014-07-26T01:42:27.833Z", "object_repr": "ME 610 - Section: 2", "object_id": "26", "change_message": "", "user": 1, "content_type": 17}}, {"pk": 216, "model": "admin.logentry", "fields": {"action_flag": 1, "action_time": "2014-07-26T01:43:18.561Z", "object_repr": "ME 611 - Section: 1", "object_id": "27", "change_message": "", "user": 1, "content_type": 17}}, {"pk": 217, "model": "admin.logentry", "fields": {"action_flag": 1, "action_time": "2014-07-26T01:45:46.681Z", "object_repr": "Building 106, Room 1", "object_id": "17", "change_message": "", "user": 1, "content_type": 10}}, {"pk": 218, "model": "admin.logentry", "fields": {"action_flag": 1, "action_time": "2014-07-26T01:46:13.778Z", "object_repr": "ME 614 - Section: 1", "object_id": "28", "change_message": "", "user": 1, "content_type": 17}}, {"pk": 219, "model": "admin.logentry", "fields": {"action_flag": 1, "action_time": "2014-07-26T01:47:36.179Z", "object_repr": "ME 620 - Section: 1", "object_id": "29", "change_message": "", "user": 1, "content_type": 17}}, {"pk": 220, "model": "admin.logentry", "fields": {"action_flag": 1, "action_time": "2014-07-26T01:48:29.776Z", "object_repr": "Building 106, Room 2", "object_id": "18", "change_message": "", "user": 1, "content_type": 10}}, {"pk": 221, "model": "admin.logentry", "fields": {"action_flag": 1, "action_time": "2014-07-26T01:51:30.651Z", "object_repr": "ME 632 - Section: 1", "object_id": "30", "change_message": "", "user": 1, "content_type": 17}}, {"pk": 222, "model": "admin.logentry", "fields": {"action_flag": 1, "action_time": "2014-07-26T01:52:24.294Z", "object_repr": "ME 635 - Section: 1", "object_id": "31", "change_message": "", "user": 1, "content_type": 17}}, {"pk": 223, "model": "admin.logentry", "fields": {"action_flag": 1, "action_time": "2014-07-26T01:53:06.298Z", "object_repr": "Building 106, Room 3", "object_id": "19", "change_message": "", "user": 1, "content_type": 10}}, {"pk": 224, "model": "admin.logentry", "fields": {"action_flag": 1, "action_time": "2014-07-26T01:53:34.903Z", "object_repr": "EE 601 - Section: 1", "object_id": "32", "change_message": "", "user": 1, "content_type": 17}}, {"pk": 225, "model": "admin.logentry", "fields": {"action_flag": 1, "action_time": "2014-07-26T01:54:31.060Z", "object_repr": "EE 673 - Section: 1", "object_id": "33", "change_message": "", "user": 1, "content_type": 17}}, {"pk": 226, "model": "admin.logentry", "fields": {"action_flag": 1, "action_time": "2014-07-26T01:55:25.163Z", "object_repr": "EE 673 - Section: 1", "object_id": "34", "change_message": "", "user": 1, "content_type": 17}}, {"pk": 227, "model": "admin.logentry", "fields": {"action_flag": 1, "action_time": "2014-07-26T01:56:09.730Z", "object_repr": "EE 620 - Section: 1", "object_id": "35", "change_message": "", "user": 1, "content_type": 17}}, {"pk": 228, "model": "admin.logentry", "fields": {"action_flag": 1, "action_time": "2014-07-26T01:56:42.149Z", "object_repr": "EE 640 - Section: 1", "object_id": "36", "change_message": "", "user": 1, "content_type": 17}}, {"pk": 229, "model": "admin.logentry", "fields": {"action_flag": 1, "action_time": "2014-07-26T01:57:17.909Z", "object_repr": "Building 107, Room 1", "object_id": "20", "change_message": "", "user": 1, "content_type": 10}}, {"pk": 230, "model": "admin.logentry", "fields": {"action_flag": 1, "action_time": "2014-07-26T01:57:37.956Z", "object_repr": "EE 642 - Section: 2", "object_id": "37", "change_message": "", "user": 1, "content_type": 17}}, {"pk": 231, "model": "admin.logentry", "fields": {"action_flag": 1, "action_time": "2014-07-26T01:58:29.371Z", "object_repr": "EE 742 - Section: 1", "object_id": "38", "change_message": "", "user": 1, "content_type": 17}}, {"pk": 232, "model": "admin.logentry", "fields": {"action_flag": 1, "action_time": "2014-07-26T01:59:10.971Z", "object_repr": "EE 740 - Section: 1", "object_id": "39", "change_message": "", "user": 1, "content_type": 17}}, {"pk": 233, "model": "admin.logentry", "fields": {"action_flag": 1, "action_time": "2014-07-26T01:59:50.945Z", "object_repr": "EE 630 - Section: 1", "object_id": "40", "change_message": "", "user": 1, "content_type": 17}}, {"pk": 234, "model": "admin.logentry", "fields": {"action_flag": 1, "action_time": "2014-07-26T02:00:59.763Z", "object_repr": "Building 108, Room 1", "object_id": "21", "change_message": "", "user": 1, "content_type": 10}}, {"pk": 235, "model": "admin.logentry", "fields": {"action_flag": 1, "action_time": "2014-07-26T02:01:25.246Z", "object_repr": "EE 632 - Section: 1", "object_id": "41", "change_message": "", "user": 1, "content_type": 17}}, {"pk": 236, "model": "admin.logentry", "fields": {"action_flag": 1, "action_time": "2014-07-26T02:02:09.909Z", "object_repr": "MU 349 - Section: 1", "object_id": "42", "change_message": "", "user": 1, "content_type": 17}}, {"pk": 237, "model": "admin.logentry", "fields": {"action_flag": 1, "action_time": "2014-07-26T02:03:19.354Z", "object_repr": "FA 111 - Section: 1", "object_id": "43", "change_message": "", "user": 1, "content_type": 17}}, {"pk": 238, "model": "admin.logentry", "fields": {"action_flag": 1, "action_time": "2014-07-26T02:04:07.624Z", "object_repr": "FA 112 - Section: 1", "object_id": "44", "change_message": "", "user": 1, "content_type": 17}}, {"pk": 239, "model": "admin.logentry", "fields": {"action_flag": 1, "action_time": "2014-07-26T02:04:34.245Z", "object_repr": "Building 108, Room 2", "object_id": "22", "change_message": "", "user": 1, "content_type": 10}}, {"pk": 240, "model": "admin.logentry", "fields": {"action_flag": 1, "action_time": "2014-07-26T02:04:55.096Z", "object_repr": "FA 334 - Section: 1", "object_id": "45", "change_message": "", "user": 1, "content_type": 17}}, {"pk": 241, "model": "admin.logentry", "fields": {"action_flag": 1, "action_time": "2014-07-26T02:05:34.617Z", "object_repr": "FA 161 - Section: 1", "object_id": "46", "change_message": "", "user": 1, "content_type": 17}}, {"pk": 242, "model": "admin.logentry", "fields": {"action_flag": 1, "action_time": "2014-07-26T02:06:10.920Z", "object_repr": "FA 162 - Section: 2", "object_id": "47", "change_message": "", "user": 1, "content_type": 17}}, {"pk": 243, "model": "admin.logentry", "fields": {"action_flag": 1, "action_time": "2014-07-26T02:06:58.180Z", "object_repr": "Building 108, Room 3", "object_id": "23", "change_message": "", "user": 1, "content_type": 10}}, {"pk": 244, "model": "admin.logentry", "fields": {"action_flag": 1, "action_time": "2014-07-26T02:07:24.560Z", "object_repr": "FA 150 - Section: 1", "object_id": "48", "change_message": "", "user": 1, "content_type": 17}}, {"pk": 245, "model": "admin.logentry", "fields": {"action_flag": 1, "action_time": "2014-07-26T02:07:56.291Z", "object_repr": "MA 662 - Section: 1", "object_id": "49", "change_message": "", "user": 1, "content_type": 17}}, {"pk": 246, "model": "admin.logentry", "fields": {"action_flag": 1, "action_time": "2014-07-26T02:08:28.829Z", "object_repr": "MA 637 - Section: 1", "object_id": "50", "change_message": "", "user": 1, "content_type": 17}}, {"pk": 247, "model": "admin.logentry", "fields": {"action_flag": 1, "action_time": "2014-07-26T02:09:30.803Z", "object_repr": "MA 636 - Section: 1", "object_id": "51", "change_message": "", "user": 1, "content_type": 17}}, {"pk": 248, "model": "admin.logentry", "fields": {"action_flag": 1, "action_time": "2014-07-26T02:10:14.360Z", "object_repr": "MU 635 - Section: 1", "object_id": "52", "change_message": "", "user": 1, "content_type": 17}}, {"pk": 249, "model": "admin.logentry", "fields": {"action_flag": 1, "action_time": "2014-07-26T02:10:48.833Z", "object_repr": "CHEM 658 - Section: 1", "object_id": "53", "change_message": "", "user": 1, "content_type": 17}}, {"pk": 250, "model": "admin.logentry", "fields": {"action_flag": 1, "action_time": "2014-07-26T02:11:11.655Z", "object_repr": "Building 108, Room 4", "object_id": "24", "change_message": "", "user": 1, "content_type": 10}}, {"pk": 251, "model": "admin.logentry", "fields": {"action_flag": 1, "action_time": "2014-07-26T02:11:34.559Z", "object_repr": "CHEM 673 - Section: 1", "object_id": "54", "change_message": "", "user": 1, "content_type": 17}}, {"pk": 252, "model": "admin.logentry", "fields": {"action_flag": 1, "action_time": "2014-07-26T02:12:08.547Z", "object_repr": "CHEM 677 - Section: 1", "object_id": "55", "change_message": "", "user": 1, "content_type": 17}}, {"pk": 253, "model": "admin.logentry", "fields": {"action_flag": 1, "action_time": "2014-07-26T02:12:56.588Z", "object_repr": "MA 663 - Section: 1", "object_id": "56", "change_message": "", "user": 1, "content_type": 17}}, {"pk": 254, "model": "admin.logentry", "fields": {"action_flag": 3, "action_time": "2014-07-26T02:14:57.839Z", "object_repr": "ME 400 - Section: 1", "object_id": "6", "change_message": "", "user": 1, "content_type": 17}}]